current_temperature,target_temperature,humidity,heater_speed
24.38,26.0,53.73,9.73
19.02,26.0,71.52,58.57
25.74,26.0,75.67,7.47
23.16,26.0,51.67,24.81
13.51,26.0,46.75,95.91
27.61,26.0,62.58,0.0
24.18,26.0,75.96,18.13
24.58,26.0,71.03,10.13
14.05,26.0,73.08,88.18
19.21,26.0,61.11,48.76
17.93,26.0,54.4,57.51
26.83,26.0,66.27,0.0
22.3,26.0,53.17,32.28
25.16,26.0,74.05,9.9
19.09,26.0,52.88,53.9
15.64,26.0,56.65,85.34
20.87,26.0,65.26,43.11
13.02,26.0,64.47,94.68
25.24,26.0,69.03,9.01
22.11,26.0,62.5,37.37
24.13,26.0,81.78,19.48
17.67,26.0,78.6,64.1
27.53,26.0,80.16,0.57
26.29,26.0,70.18,1.49
24.45,26.0,70.4,8.95
15.11,26.0,69.37,79.77
19.47,26.0,62.4,51.89
12.7,26.0,57.88,99.12
14.47,26.0,68.68,84.24
22.93,26.0,46.02,30.62
23.92,26.0,45.3,16.23
27.48,26.0,79.07,0.51
17.21,26.0,46.86,65.05
17.93,26.0,65.99,63.86
19.51,26.0,69.6,44.95
15.03,26.0,52.93,84.45
14.08,26.0,80.83,79.33
19.61,26.0,52.6,51.26
15.63,26.0,80.38,78.23
22.72,26.0,75.52,29.33
18.99,26.0,54.63,50.91
25.32,26.0,51.03,5.48
23.2,26.0,57.65,20.55
17.0,26.0,60.92,63.33
25.32,26.0,54.83,8.25
24.88,26.0,84.96,13.21
18.2,26.0,54.19,63.68
16.61,26.0,78.23,71.42
22.92,26.0,51.36,28.32
14.24,26.0,84.21,81.98
15.2,26.0,54.02,78.22
12.12,26.0,61.87,98.37
24.59,26.0,67.34,9.51
22.64,26.0,49.81,27.69
23.28,26.0,77.67,24.5
24.49,26.0,55.99,14.91
19.34,26.0,66.97,63.68
21.1,26.0,66.99,36.1
14.24,26.0,69.11,85.1
13.83,26.0,47.22,86.93
22.69,26.0,51.74,28.74
19.54,26.0,51.45,52.03
21.04,26.0,57.08,44.98
24.24,26.0,50.8,16.07
22.16,26.0,81.88,31.54
20.86,26.0,65.52,41.14
20.95,26.0,69.94,36.73
16.86,26.0,59.3,68.09
12.49,26.0,56.05,97.4
18.99,26.0,65.13,55.81
15.43,26.0,56.77,81.98
18.54,26.0,58.75,58.5
25.65,26.0,63.11,3.43
15.74,26.0,65.23,70.71
12.93,26.0,84.37,92.54
16.5,26.0,53.93,71.06
16.7,26.0,64.52,73.33
22.59,26.0,50.98,35.55
20.91,26.0,59.0,42.15
24.54,26.0,73.69,10.78
22.63,26.0,51.98,30.53
18.5,26.0,68.25,59.65
25.02,26.0,61.67,9.36
14.67,26.0,47.06,84.55
12.36,26.0,82.32,96.37
13.44,26.0,61.54,93.55
23.56,26.0,76.36,20.94
19.39,26.0,61.65,47.4
14.58,26.0,82.49,82.75
20.02,26.0,56.62,46.68
14.44,26.0,61.49,86.34
23.14,26.0,75.35,25.91
19.14,26.0,58.75,48.61
18.1,26.0,59.57,62.46
16.82,26.0,84.79,68.87
22.08,26.0,67.22,35.94
17.79,26.0,72.58,62.99
13.4,26.0,70.74,83.45
13.89,26.0,78.12,90.56
27.39,26.0,79.47,0.0
26.54,26.0,67.53,0.8
23.2,26.0,56.78,23.16
16.25,26.0,45.91,77.12
27.51,26.0,69.58,0.0
24.46,26.0,78.02,13.21
23.47,26.0,63.02,26.34
19.19,26.0,51.59,49.38
16.36,26.0,56.52,70.43
13.54,26.0,65.4,83.26
26.44,26.0,78.47,0.88
19.29,26.0,51.87,60.19
15.24,26.0,69.49,86.45
16.9,26.0,75.13,68.78
21.27,26.0,82.44,36.15
14.83,26.0,49.67,84.3
25.71,26.0,82.06,5.28
24.14,26.0,69.06,12.4
23.51,26.0,75.67,20.54
18.91,26.0,47.15,63.08
22.04,26.0,65.25,30.53
21.35,26.0,69.91,36.21
22.4,26.0,57.27,32.08
13.35,26.0,62.27,93.23
18.65,26.0,67.17,55.37
12.67,26.0,67.1,95.81
19.9,26.0,46.67,53.26
17.28,26.0,62.58,74.07
14.31,26.0,53.55,87.3
13.65,26.0,81.67,86.72
21.4,26.0,84.06,42.68
14.73,26.0,56.99,82.58
26.8,26.0,52.01,1.12
21.3,26.0,53.78,41.33
17.55,26.0,64.11,68.99
21.45,26.0,79.98,38.55
12.36,26.0,65.0,97.44
27.34,26.0,47.22,0.0
19.72,26.0,46.6,52.27
24.52,26.0,54.1,19.41
13.32,26.0,78.71,85.06
19.79,26.0,69.86,48.79
19.85,26.0,67.52,48.08
27.01,26.0,57.76,0.0
21.15,26.0,82.18,40.1
19.58,26.0,58.25,53.82
16.27,26.0,78.4,72.94
17.31,26.0,80.84,61.17
20.33,26.0,64.33,40.68
19.02,26.0,80.77,54.5
12.35,26.0,56.07,97.87
25.22,26.0,71.34,14.91
26.34,26.0,48.52,2.04
14.24,26.0,63.96,93.35
20.86,26.0,53.69,40.31
13.74,26.0,47.51,94.47
22.76,26.0,45.15,33.05
16.5,26.0,57.99,75.59
22.55,26.0,68.58,28.94
23.63,26.0,63.21,26.64
24.3,26.0,57.07,16.94
13.72,26.0,84.65,86.37
26.66,26.0,82.58,2.14
15.68,26.0,50.03,81.71
12.6,26.0,61.6,96.1
20.88,26.0,70.95,43.66
17.93,26.0,74.34,62.23
25.28,26.0,59.65,8.78
24.93,26.0,74.85,10.84
17.07,26.0,49.97,73.01
27.25,26.0,58.27,0.0
16.65,26.0,73.66,64.6
20.24,26.0,70.03,48.52
16.1,26.0,78.49,69.67
26.98,26.0,46.87,0.0
14.63,26.0,51.98,82.37
12.72,26.0,46.94,100.0
18.96,26.0,52.68,56.77
27.88,26.0,45.17,0.0
26.27,26.0,65.17,0.0
23.98,26.0,66.13,23.36
26.25,26.0,71.32,0.0
26.3,26.0,60.4,0.83
20.3,26.0,45.13,52.08
17.05,26.0,71.96,70.17
24.35,26.0,47.17,20.38
22.59,26.0,79.65,19.54
17.98,26.0,45.91,70.73
13.51,26.0,66.22,92.75
23.95,26.0,80.8,27.54
16.2,26.0,67.9,70.68
26.99,26.0,69.34,0.0
15.86,26.0,72.26,74.97
13.96,26.0,49.9,89.63
25.3,26.0,72.0,10.04
14.45,26.0,80.21,86.08
14.87,26.0,83.97,78.87
21.59,26.0,62.72,36.79
25.99,26.0,58.78,1.99
15.14,26.0,75.13,78.04
16.97,26.0,66.71,67.49
24.44,26.0,55.29,19.43
27.55,26.0,51.89,0.0
20.01,26.0,51.81,53.66
14.3,26.0,63.37,85.53
12.22,26.0,51.8,93.76
15.67,26.0,45.79,79.65
14.11,26.0,47.08,87.51
22.84,26.0,82.2,26.77
13.95,26.0,47.92,88.69
20.1,26.0,47.93,49.53
23.11,26.0,63.05,22.63
21.3,26.0,54.8,35.88
15.2,26.0,83.51,81.54
24.87,26.0,81.44,8.03
23.45,26.0,61.19,23.72
23.82,26.0,62.95,23.98
14.1,26.0,60.0,91.19
13.98,26.0,46.51,93.87
26.84,26.0,56.71,2.21
18.36,26.0,49.91,64.09
16.82,26.0,49.09,76.92
19.82,26.0,67.43,51.17
22.61,26.0,48.95,24.52
27.29,26.0,49.12,0.71
16.58,26.0,64.22,73.93
26.8,26.0,62.69,0.0
12.4,26.0,50.51,100.0
20.88,26.0,45.18,43.97
22.14,26.0,52.72,34.54
13.69,26.0,54.44,95.44
14.25,26.0,77.01,83.48
18.71,26.0,81.62,56.16
27.46,26.0,61.24,1.15
21.54,26.0,61.2,32.98
26.93,26.0,73.5,0.53
24.87,26.0,70.08,14.56
19.48,26.0,52.37,53.79
24.56,26.0,49.31,20.09
12.29,26.0,62.5,93.24
13.75,26.0,67.59,82.92
25.27,26.0,50.55,11.04
24.75,26.0,56.73,16.08
15.72,26.0,57.24,77.41
20.49,26.0,55.45,47.52
21.7,26.0,63.43,39.41
25.88,26.0,71.12,0.0
21.65,26.0,65.38,34.53
18.6,26.0,53.06,60.21
17.99,26.0,49.12,67.37
18.81,26.0,77.87,51.19
22.43,26.0,64.17,30.65
25.88,26.0,47.49,0.96
19.26,26.0,55.32,56.21
15.97,26.0,77.16,73.48
15.79,26.0,75.07,73.04
23.94,26.0,80.03,23.42
25.07,26.0,69.08,8.05
13.68,26.0,61.92,89.21
13.06,26.0,62.07,88.47
21.51,26.0,52.76,36.46
14.34,26.0,71.03,86.38
25.19,26.0,68.4,9.89
16.97,26.0,51.19,72.92
14.3,26.0,80.43,85.12
26.74,26.0,59.74,0.0
14.65,26.0,46.99,84.07
16.56,26.0,58.12,66.88
14.46,26.0,79.79,78.68
13.85,26.0,81.68,83.24
12.34,26.0,64.62,94.61
12.89,26.0,83.25,91.47
14.79,26.0,80.01,84.66
12.85,26.0,78.01,97.71
21.46,26.0,79.39,39.07
22.89,26.0,60.28,35.58
18.3,26.0,75.26,57.69
17.09,26.0,68.09,61.98
20.07,26.0,73.79,51.01
26.0,26.0,52.11,0.23
25.62,26.0,74.26,1.95
12.7,26.0,83.3,94.08
14.9,26.0,57.11,83.01
15.79,26.0,84.45,72.84
15.99,26.0,60.14,71.79
21.14,26.0,52.99,41.63
18.66,26.0,49.49,63.06
12.79,26.0,76.4,93.09
17.98,26.0,67.19,59.11
20.38,26.0,57.29,42.38
13.63,26.0,69.34,86.42
25.34,26.0,58.28,8.97
12.83,26.0,62.93,96.52
26.8,26.0,79.51,0.12
13.59,26.0,71.73,81.33
25.5,26.0,75.5,7.26
26.44,26.0,68.34,0.94
27.67,26.0,84.66,1.38
24.83,26.0,54.66,9.71
24.47,26.0,55.49,12.05
22.28,26.0,48.7,34.01
24.46,26.0,67.16,23.47
14.15,26.0,69.53,88.6
20.58,26.0,74.04,44.33
20.23,26.0,58.42,48.97
25.72,26.0,45.49,0.0
19.4,26.0,70.29,48.25
18.16,26.0,84.95,49.85
22.23,26.0,56.78,39.36
16.26,26.0,52.36,80.64
14.24,26.0,56.27,89.13
19.65,26.0,62.02,51.87
18.67,26.0,55.04,53.41
15.72,26.0,58.88,77.08
17.88,26.0,70.53,68.51
17.86,26.0,58.8,64.3
17.24,26.0,60.84,65.71
18.07,26.0,46.6,57.79
22.97,26.0,81.72,31.13
16.75,26.0,61.28,70.59
27.18,26.0,58.13,0.0
26.66,26.0,48.46,0.11
19.69,26.0,70.37,45.75
17.25,26.0,79.55,64.63
20.57,26.0,46.65,47.1
25.58,26.0,50.81,3.49
22.44,26.0,50.86,34.82
24.87,26.0,69.09,11.95
20.52,26.0,81.85,47.23
22.13,26.0,62.51,32.46
16.61,26.0,58.75,82.76
23.76,26.0,75.63,18.65
15.24,26.0,74.7,75.25
23.12,26.0,54.87,23.04
25.77,26.0,51.43,2.37
14.11,26.0,59.31,81.98
21.83,26.0,76.02,35.96
13.52,26.0,72.8,82.6
23.61,26.0,71.63,22.51
13.35,26.0,78.18,84.58
26.98,26.0,56.09,0.84
14.2,26.0,58.59,89.71
27.34,26.0,46.69,0.0
24.81,26.0,79.75,8.13
21.5,26.0,68.3,37.34
24.52,26.0,56.92,12.5
24.72,26.0,47.78,10.48
27.14,26.0,73.94,0.2
16.05,26.0,74.95,76.18
21.44,26.0,71.65,36.31
13.52,26.0,53.15,100.0
21.86,26.0,81.53,35.79
14.74,26.0,75.13,77.88
21.04,26.0,71.31,39.59
21.16,26.0,71.04,37.25
19.46,26.0,81.17,53.5
20.36,26.0,82.13,38.84
24.22,26.0,68.83,12.48
24.79,26.0,61.67,10.51
19.87,26.0,59.55,52.46
21.59,26.0,77.76,40.79
26.9,26.0,70.78,0.0
13.92,26.0,48.09,93.08
13.87,26.0,50.69,90.75
13.4,26.0,81.01,91.27
22.53,26.0,80.38,25.64
18.7,26.0,83.07,48.97
24.39,26.0,62.11,17.53
22.74,26.0,76.36,24.8
17.34,26.0,78.13,64.52
26.37,26.0,57.63,0.0
24.2,26.0,50.81,18.85
16.33,26.0,84.88,73.4
17.83,26.0,46.21,68.58
17.03,26.0,68.89,68.64
14.52,26.0,71.01,81.9
14.36,26.0,72.27,84.58
26.98,26.0,55.23,0.0
19.01,26.0,73.86,53.76
18.13,26.0,53.66,71.82
23.67,26.0,78.16,21.81
20.85,26.0,53.76,45.29
26.98,26.0,72.87,0.17
24.48,26.0,76.34,18.33
19.67,26.0,52.56,54.86
18.02,26.0,54.52,65.99
27.79,26.0,76.16,0.0
23.48,26.0,48.44,27.64
27.22,26.0,52.63,0.31
13.9,26.0,63.22,89.67
25.61,26.0,82.21,4.22
22.19,26.0,67.48,36.02
13.95,26.0,60.51,85.65
21.41,26.0,84.13,34.74
22.98,26.0,63.55,27.06
12.2,26.0,62.35,93.23
19.27,26.0,61.47,56.94
25.21,26.0,57.49,5.48
16.73,26.0,58.03,69.8
19.34,26.0,72.51,51.66
19.08,26.0,46.63,57.12
16.83,26.0,72.27,67.57
26.7,26.0,53.05,0.0
24.5,26.0,60.37,14.9
13.77,26.0,50.86,90.11
27.95,26.0,67.11,0.0
26.07,26.0,74.17,1.0
16.54,26.0,59.19,65.11
25.39,26.0,51.54,6.44
13.7,26.0,54.06,89.88
27.99,26.0,77.72,0.0
22.65,26.0,55.71,25.11
22.4,26.0,75.99,29.07
13.45,26.0,58.25,92.02
26.35,26.0,52.55,1.69
12.46,26.0,74.09,96.57
15.85,26.0,63.74,72.11
14.29,26.0,46.25,87.44
24.43,26.0,83.4,18.11
15.17,26.0,50.91,78.45
26.57,26.0,59.14,1.64
22.5,26.0,60.39,31.03
12.58,26.0,64.58,95.21
12.09,26.0,76.42,100.0
12.83,26.0,45.24,97.27
21.69,26.0,82.3,37.01
24.82,26.0,70.84,9.36
15.82,26.0,83.03,75.39
25.59,26.0,77.7,7.89
12.92,26.0,82.11,89.12
24.82,26.0,69.04,11.96
26.84,26.0,59.29,0.0
24.35,26.0,62.72,12.28
23.17,26.0,71.32,29.0
25.41,26.0,62.08,4.9
12.64,26.0,74.27,85.86
15.23,26.0,48.67,88.82
14.0,26.0,78.2,82.6
20.07,26.0,53.17,48.44
23.92,26.0,82.76,24.79
22.08,26.0,51.22,34.33
25.62,26.0,50.17,4.25
14.48,26.0,77.48,78.29
23.75,26.0,77.75,14.85
15.09,26.0,74.55,78.78
16.33,26.0,83.42,71.58
23.36,26.0,55.82,25.74
27.68,26.0,78.07,2.92
21.78,26.0,59.08,36.55
12.87,26.0,66.5,87.97
21.86,26.0,62.82,37.26
12.68,26.0,45.23,100.0
26.15,26.0,67.98,0.0
23.35,26.0,74.9,23.82
14.77,26.0,51.98,81.77
13.47,26.0,82.27,87.7
14.94,26.0,66.22,80.52
27.68,26.0,52.13,0.38
19.34,26.0,70.84,52.67
24.55,26.0,52.68,10.54
22.18,26.0,47.54,28.57
21.16,26.0,72.41,40.87
14.32,26.0,49.43,93.22
27.14,26.0,49.25,0.0
16.82,26.0,74.6,71.35
21.25,26.0,47.21,44.88
23.2,26.0,77.39,25.79
22.39,26.0,76.85,28.02
27.05,26.0,50.66,2.08
14.38,26.0,65.74,89.48
20.13,26.0,48.87,51.14
18.46,26.0,70.3,61.06
19.59,26.0,47.52,51.68
13.91,26.0,82.78,84.45
14.15,26.0,53.31,88.43
16.45,26.0,72.32,71.01
16.88,26.0,50.13,75.65
18.85,26.0,53.38,49.61
21.78,26.0,63.04,36.36
22.15,26.0,67.92,32.87
18.59,26.0,84.95,51.11
18.54,26.0,46.04,63.13
15.48,26.0,45.01,79.02
21.41,26.0,59.01,37.95
17.07,26.0,59.65,75.42
12.58,26.0,80.35,97.06
18.69,26.0,81.5,57.64
19.59,26.0,80.22,51.27
15.61,26.0,50.73,79.25
21.16,26.0,61.48,47.83
21.05,26.0,74.84,43.3
23.23,26.0,57.5,22.97
22.37,26.0,71.53,26.45
22.44,26.0,54.49,33.88
17.06,26.0,57.94,69.07
24.6,26.0,79.42,8.73
20.79,26.0,55.02,45.55
18.9,26.0,83.57,53.11
22.02,26.0,57.25,36.75
17.77,26.0,45.94,67.63
20.2,26.0,55.2,46.05
23.79,26.0,51.85,23.61
26.18,26.0,65.27,0.0
26.74,26.0,49.51,0.0
20.06,26.0,70.04,45.91
20.32,26.0,80.0,48.99
24.8,26.0,59.5,11.56
17.03,26.0,51.74,75.11
25.4,26.0,61.0,13.19
19.91,26.0,76.44,45.6
13.85,26.0,68.66,77.76
13.15,26.0,49.05,99.58
25.47,26.0,66.49,4.95
12.89,26.0,63.72,91.79
16.49,26.0,58.08,70.92
17.35,26.0,49.41,67.06
14.77,26.0,84.24,84.27
17.02,26.0,52.04,70.88
23.88,26.0,52.71,25.06
12.23,26.0,50.82,100.0
25.23,26.0,67.81,7.32
25.7,26.0,62.75,2.41
17.96,26.0,54.98,65.65
14.46,26.0,62.18,88.22
21.61,26.0,71.94,40.26
13.91,26.0,56.27,88.87
17.84,26.0,81.61,61.72
27.33,26.0,57.25,0.61
27.93,26.0,52.93,0.0
24.35,26.0,83.18,11.65
16.98,26.0,77.42,64.32
23.0,26.0,58.73,26.47
23.29,26.0,78.66,26.43
18.21,26.0,65.75,65.1
22.25,26.0,58.87,28.26
12.17,26.0,78.58,94.18
15.34,26.0,75.09,76.44
20.4,26.0,56.91,49.41
14.62,26.0,69.27,81.29
14.65,26.0,59.78,83.01
25.38,26.0,45.04,2.4
27.83,26.0,83.47,0.0
20.9,26.0,66.99,41.68
25.43,26.0,68.94,4.29
27.85,26.0,69.0,0.0
14.27,26.0,67.03,89.66
19.17,26.0,56.6,51.71
18.28,26.0,83.86,55.07
13.28,26.0,69.87,95.65
24.09,26.0,71.84,18.45
18.94,26.0,63.19,58.43
19.51,26.0,56.51,54.32
14.41,26.0,47.57,88.0
14.89,26.0,59.01,81.89
26.51,26.0,52.04,0.0
12.71,26.0,71.48,98.47
15.73,26.0,80.16,78.34
16.67,26.0,57.11,67.77
19.84,26.0,58.32,54.98
21.38,26.0,71.81,37.16
19.89,26.0,50.97,48.15
13.35,26.0,82.18,88.02
15.9,26.0,59.55,79.51
25.5,26.0,49.05,7.99
22.2,26.0,51.99,32.96
22.39,26.0,82.31,33.46
22.72,26.0,54.88,30.18
24.21,26.0,71.49,15.2
12.93,26.0,51.25,94.44
17.87,26.0,52.76,66.01
20.63,26.0,80.17,42.64
17.42,26.0,50.92,63.03
25.51,26.0,45.75,8.96
19.72,26.0,65.05,48.9
24.3,26.0,79.51,21.76
25.63,26.0,58.04,0.0
20.08,26.0,50.13,48.94
26.55,26.0,84.29,1.04
21.39,26.0,72.07,34.91
25.6,26.0,79.03,2.99
17.45,26.0,75.09,70.63
19.98,26.0,72.93,48.52
20.5,26.0,60.38,42.82
13.68,26.0,57.97,84.57
18.38,26.0,73.68,52.59
26.68,26.0,73.67,0.0
22.09,26.0,83.02,30.36
14.84,26.0,67.75,81.23
17.42,26.0,56.78,59.08
15.07,26.0,64.58,80.8
12.4,26.0,69.55,100.0
26.84,26.0,62.07,0.0
19.17,26.0,76.65,46.43
16.92,26.0,68.38,65.93
21.58,26.0,45.38,36.05
12.12,26.0,67.79,99.24
16.45,26.0,70.34,67.21
23.25,26.0,81.61,30.14
22.14,26.0,61.55,33.83
27.71,26.0,67.98,0.69
21.93,26.0,64.0,40.67
19.64,26.0,66.27,50.95
24.18,26.0,47.69,19.64
26.45,26.0,80.89,0.9
23.53,26.0,81.42,17.33
27.41,26.0,66.92,0.0
24.51,26.0,67.26,22.46
25.87,26.0,47.3,4.17
13.83,26.0,68.92,89.07
23.72,26.0,62.17,18.1
19.04,26.0,73.36,57.47
20.85,26.0,46.88,39.54
22.47,26.0,73.44,25.03
27.52,26.0,56.48,0.14
27.75,26.0,71.07,0.41
16.61,26.0,70.09,77.12
23.74,26.0,54.07,20.11
24.0,26.0,62.62,16.86
17.54,26.0,78.43,57.66
13.98,26.0,69.22,87.36
12.66,26.0,47.75,99.89
24.44,26.0,62.72,18.34
19.84,26.0,57.47,53.74
27.77,26.0,70.67,1.22
19.44,26.0,69.58,53.97
27.65,26.0,45.42,0.76
18.59,26.0,69.31,59.64
24.7,26.0,74.39,11.25
13.36,26.0,75.75,91.33
20.89,26.0,47.36,45.3
24.83,26.0,57.15,12.53
26.8,26.0,61.85,0.0
25.16,26.0,52.19,3.88
12.59,26.0,61.83,93.28
17.96,26.0,47.85,63.58
12.78,26.0,49.53,93.14
13.75,26.0,71.75,86.65
22.8,26.0,55.5,27.71
23.41,26.0,73.46,27.99
24.38,26.0,46.92,17.07
25.85,26.0,67.51,5.74
23.83,26.0,60.66,21.73
24.81,26.0,76.88,10.1
12.78,26.0,76.36,93.53
15.75,26.0,60.02,80.02
21.95,26.0,69.91,38.68
25.73,26.0,54.1,3.1
12.07,26.0,68.22,93.16
20.23,26.0,48.25,42.61
22.84,26.0,62.38,27.25
12.47,26.0,52.31,91.4
18.42,26.0,80.34,63.81
26.33,26.0,62.8,2.37
22.75,26.0,68.63,26.5
15.8,26.0,59.42,73.35
25.64,26.0,56.55,8.08
17.57,26.0,53.12,62.63
25.65,26.0,81.47,0.6
16.78,26.0,76.98,65.74
21.45,26.0,50.33,40.03
18.35,26.0,74.87,60.81
16.4,26.0,61.74,77.23
26.18,26.0,45.62,0.0
15.0,26.0,66.13,81.27
13.36,26.0,50.2,97.98
17.47,26.0,53.4,64.8
23.48,26.0,72.84,16.52
24.92,26.0,55.29,9.21
27.98,26.0,80.68,0.0
16.74,26.0,71.29,67.27
18.53,26.0,78.29,53.73
14.19,26.0,69.61,84.13
21.2,26.0,79.75,41.25
27.96,26.0,59.47,0.0
23.21,26.0,66.97,19.21
21.52,26.0,65.64,33.38
18.28,26.0,81.15,55.59
26.64,26.0,51.6,0.0
19.95,26.0,68.12,47.98
14.15,26.0,75.18,82.49
17.85,26.0,59.8,66.33
13.07,26.0,79.7,94.04
15.23,26.0,59.92,80.75
12.28,26.0,51.93,97.99
19.25,26.0,68.36,54.36
22.15,26.0,61.82,32.75
17.49,26.0,45.61,67.18
18.73,26.0,47.79,57.5
27.35,26.0,52.81,0.51
24.03,26.0,75.77,19.34
20.65,26.0,80.68,46.36
16.55,26.0,66.83,76.0
26.35,26.0,49.22,0.0
15.76,26.0,66.38,74.66
17.21,26.0,79.22,69.08
26.55,26.0,74.98,0.52
20.47,26.0,56.64,55.26
23.88,26.0,49.96,21.81
21.45,26.0,81.03,39.66
22.46,26.0,79.16,31.25
16.79,26.0,47.15,72.2
15.86,26.0,77.95,73.13
17.16,26.0,48.89,70.86
14.49,26.0,47.53,89.47
25.99,26.0,75.34,4.26
16.53,26.0,66.45,72.59
20.98,26.0,61.58,40.46
24.67,26.0,81.15,11.93
24.54,26.0,78.57,9.6
19.01,26.0,47.3,63.16
19.62,26.0,69.64,48.9
27.92,26.0,75.89,0.0
22.79,26.0,67.02,29.42
25.03,26.0,84.32,10.97
26.44,26.0,72.44,2.35
24.6,26.0,49.17,11.8
14.96,26.0,52.93,80.28
20.99,26.0,78.05,46.68
13.63,26.0,84.87,86.83
22.45,26.0,48.93,36.12
27.29,26.0,49.01,1.78
20.2,26.0,75.54,44.82
18.93,26.0,47.57,59.4
12.57,26.0,47.74,100.0
27.36,26.0,80.55,0.38
13.65,26.0,77.02,87.09
12.66,26.0,80.26,95.12
15.94,26.0,71.02,72.87
13.05,26.0,57.9,93.79
19.28,26.0,81.25,51.23
20.26,26.0,56.95,55.03
17.0,26.0,56.02,63.5
12.82,26.0,80.46,93.85
13.79,26.0,72.23,86.87
18.15,26.0,80.83,56.96
12.97,26.0,51.24,95.71
23.17,26.0,83.09,27.09
15.31,26.0,69.51,81.31
16.83,26.0,71.72,69.48
18.31,26.0,81.56,61.95
18.67,26.0,60.23,62.71
12.03,26.0,73.78,100.0
13.79,26.0,70.61,86.09
25.8,26.0,76.51,4.32
12.02,26.0,80.88,98.46
20.13,26.0,72.2,44.22
19.83,26.0,47.71,46.05
17.33,26.0,52.33,61.15
18.9,26.0,83.16,54.35
24.49,26.0,83.75,15.55
25.46,26.0,83.7,1.92
16.17,26.0,46.47,80.47
17.16,26.0,60.3,68.82
15.88,26.0,75.39,79.04
19.68,26.0,75.12,51.15
22.93,26.0,48.44,24.7
15.65,26.0,69.38,78.27
17.29,26.0,50.71,71.05
26.89,26.0,64.73,1.76
12.78,26.0,54.59,92.2
19.37,26.0,47.13,55.2
23.38,26.0,48.2,21.33
14.41,26.0,81.44,86.31
12.76,26.0,74.79,92.09
14.21,26.0,82.27,89.46
26.7,26.0,63.8,0.0
12.15,26.0,61.53,100.0
15.01,26.0,59.34,87.31
12.5,26.0,69.65,92.93
13.77,26.0,59.06,89.65
21.92,26.0,74.85,32.94
15.87,26.0,77.05,71.75
21.11,26.0,80.03,40.54
21.44,26.0,54.71,34.78
25.59,26.0,66.08,4.56
12.08,26.0,53.94,100.0
25.65,26.0,46.5,3.71
21.91,26.0,73.31,31.08
14.6,26.0,66.96,87.23
24.37,26.0,73.96,18.37
25.69,26.0,48.5,0.43
16.07,26.0,84.82,67.2
26.7,26.0,84.77,0.0
19.27,26.0,63.6,55.7
21.65,26.0,79.64,36.87
27.75,26.0,54.74,0.77
17.78,26.0,74.5,61.22
25.01,26.0,80.17,6.96
17.09,26.0,77.59,69.58
24.79,26.0,77.47,10.25
21.61,26.0,63.52,38.07
15.46,26.0,77.8,71.11
18.62,26.0,72.63,55.12
17.08,26.0,50.3,73.69
13.25,26.0,49.57,92.7
12.48,26.0,75.88,97.83
17.54,26.0,70.02,56.33
12.3,26.0,65.78,96.04
14.65,26.0,81.29,80.35
23.6,26.0,71.38,28.13
23.33,26.0,60.85,20.57
23.82,26.0,61.56,23.09
17.07,26.0,69.21,71.33
26.24,26.0,75.41,0.0
21.5,26.0,67.57,36.6
14.02,26.0,65.35,88.05
14.3,26.0,74.08,79.11
23.09,26.0,73.21,24.29
14.77,26.0,78.21,85.2
20.12,26.0,47.5,51.36
27.87,26.0,75.2,1.99
12.06,26.0,65.55,99.9
12.27,26.0,47.99,100.0
27.89,26.0,72.16,1.71
21.35,26.0,73.66,36.53
14.03,26.0,65.95,92.74
26.36,26.0,76.75,0.0
26.09,26.0,57.01,0.0
20.58,26.0,53.08,42.76
21.95,26.0,59.03,31.7
16.37,26.0,61.4,72.13
12.81,26.0,72.84,93.79
21.51,26.0,78.82,30.77
16.72,26.0,73.84,71.01
22.62,26.0,51.96,35.18
25.38,26.0,59.65,9.16
12.29,26.0,51.34,98.55
21.53,26.0,72.47,34.54
15.7,26.0,54.93,79.64
25.98,26.0,66.02,0.0
16.06,26.0,76.67,74.56
21.77,26.0,71.84,37.75
20.86,26.0,56.93,47.2
18.34,26.0,58.31,56.74
22.84,26.0,71.13,28.63
23.61,26.0,66.98,20.88
21.07,26.0,48.86,42.16
24.13,26.0,79.96,20.51
27.73,26.0,65.5,0.0
18.71,26.0,63.93,62.45
20.23,26.0,52.94,49.68
12.2,26.0,60.08,99.37
24.74,26.0,58.31,12.23
20.32,26.0,55.83,41.2
18.53,26.0,67.7,63.02
13.51,26.0,63.49,89.93
26.23,26.0,80.57,0.0
18.32,26.0,82.65,60.28
22.92,26.0,53.78,23.86
14.39,26.0,49.0,84.79
27.38,26.0,76.41,1.61
14.86,26.0,84.79,80.13
15.19,26.0,79.54,75.88
25.74,26.0,45.95,3.02
26.6,26.0,55.05,0.79
15.39,26.0,46.73,85.13
19.52,26.0,77.83,45.51
23.74,26.0,68.26,26.84
26.05,26.0,65.55,0.27
18.06,26.0,67.18,60.92
20.27,26.0,55.1,43.54
23.87,26.0,69.07,23.72
23.7,26.0,46.23,24.03
24.53,26.0,70.84,9.47
21.12,26.0,74.38,39.26
13.67,26.0,71.92,99.44
26.46,26.0,58.28,0.0
25.85,26.0,78.05,0.0
24.77,26.0,73.62,8.91
13.6,26.0,50.13,99.1
15.27,26.0,52.81,84.67
23.9,26.0,70.48,24.66
12.37,26.0,56.58,100.0
27.67,26.0,49.78,0.0
18.03,26.0,51.2,60.66
23.51,26.0,51.62,24.24
26.2,26.0,64.11,0.0
18.31,26.0,69.3,64.39
17.11,26.0,52.06,70.88
21.74,26.0,73.5,33.57
21.3,26.0,56.24,40.49
18.55,26.0,57.46,53.54
21.63,26.0,53.94,29.88
26.97,26.0,76.41,0.0
19.48,26.0,83.39,48.98
15.15,26.0,64.7,79.67
18.04,26.0,46.68,67.09
18.31,26.0,55.42,66.16
14.1,26.0,51.32,91.37
14.61,26.0,78.71,88.39
22.95,26.0,48.39,30.03
17.43,26.0,83.66,64.48
27.28,26.0,68.54,1.08
15.9,26.0,65.71,71.17
13.58,26.0,78.89,91.14
24.06,26.0,46.1,10.82
26.1,26.0,76.09,0.33
16.45,26.0,49.66,74.54
15.23,26.0,78.63,75.05
14.97,26.0,66.17,79.87
20.35,26.0,47.45,54.29
19.49,26.0,78.33,54.6
16.15,26.0,46.09,74.56
12.72,26.0,50.53,96.72
19.7,26.0,76.91,45.02
27.35,26.0,63.59,1.52
22.44,26.0,80.26,29.4
19.93,26.0,70.42,41.75
13.77,26.0,69.94,88.61
16.04,26.0,56.69,77.66
16.72,26.0,50.35,75.96
24.24,26.0,83.45,16.29
26.03,26.0,49.19,0.45
26.43,26.0,66.16,0.0
27.75,26.0,55.9,0.0
27.72,26.0,55.57,2.33
27.25,26.0,68.78,0.0
13.15,26.0,76.92,93.18
14.2,26.0,76.09,79.43
16.87,26.0,79.75,65.86
20.85,26.0,56.72,39.24
13.55,26.0,63.63,88.63
25.53,26.0,45.37,10.15
21.87,26.0,74.87,32.6
20.68,26.0,57.09,47.16
14.64,26.0,67.46,88.59
16.05,26.0,51.77,76.68
14.56,26.0,77.78,85.52
25.63,26.0,77.69,6.29
21.35,26.0,80.1,38.43
23.76,26.0,46.84,24.44
16.74,26.0,84.7,74.06
17.94,26.0,54.91,61.57
18.48,26.0,57.38,56.52
24.16,26.0,54.97,14.61
24.36,26.0,55.7,19.96
15.31,26.0,67.11,83.13
27.06,26.0,54.59,0.81
13.93,26.0,60.75,81.42
26.34,26.0,71.22,0.0
13.61,26.0,78.44,89.65
16.23,26.0,72.71,72.27
25.54,26.0,68.77,6.04
14.87,26.0,50.91,82.76
18.62,26.0,77.64,60.13
19.2,26.0,46.49,57.35
15.92,26.0,55.57,79.09
23.36,26.0,47.28,25.6
25.62,26.0,71.7,6.42
25.99,26.0,59.73,1.76
17.43,26.0,71.08,61.85
20.49,26.0,58.88,47.1
15.97,26.0,63.23,78.33
15.92,26.0,63.32,79.95
14.58,26.0,46.82,88.62
27.04,26.0,62.21,0.0
26.21,26.0,70.64,0.0
24.44,26.0,66.84,13.93
20.28,26.0,48.01,48.96
19.85,26.0,71.72,48.6
20.48,26.0,57.35,42.12
20.59,26.0,45.58,42.38
18.95,26.0,51.22,49.99
14.11,26.0,64.9,76.15
14.01,26.0,57.42,88.52
27.24,26.0,72.78,0.0
19.71,26.0,54.63,57.98
27.25,26.0,75.91,0.0
14.62,26.0,56.46,85.83
20.87,26.0,69.83,37.06
15.32,26.0,76.97,72.93
16.05,26.0,60.42,71.29
12.48,26.0,46.87,99.8
13.9,26.0,66.42,87.43
26.67,26.0,84.82,0.79
17.14,26.0,83.76,67.53
21.73,26.0,53.84,36.08
19.44,26.0,75.23,51.55
18.41,26.0,58.8,56.36
20.51,26.0,51.41,41.65
15.0,26.0,71.64,75.16
27.82,26.0,65.03,0.0
25.09,26.0,66.57,8.55
23.87,26.0,78.1,13.13
19.5,26.0,58.46,52.55
14.45,26.0,71.68,79.43
26.73,26.0,59.65,0.0
17.46,26.0,46.71,66.06
12.8,26.0,60.12,98.42
17.48,26.0,83.0,67.02
24.71,26.0,64.33,9.84
21.96,26.0,49.33,36.1
24.01,26.0,72.51,20.67
24.7,26.0,83.54,13.19
15.39,26.0,81.32,77.68
26.78,26.0,67.88,0.9
19.01,26.0,60.05,57.91
22.22,26.0,68.23,30.91
12.04,26.0,77.64,98.48
27.89,26.0,79.45,0.0
16.49,26.0,77.75,72.46
12.99,26.0,63.22,95.49
19.33,26.0,49.75,57.1
14.06,26.0,67.77,89.24
14.44,26.0,51.26,92.57
22.12,26.0,47.44,34.68
18.29,26.0,64.95,60.83
26.75,26.0,71.21,0.0
17.11,26.0,79.17,64.36
23.62,26.0,76.31,17.01
19.38,26.0,79.29,53.14
22.56,26.0,75.4,28.98
21.6,26.0,73.13,32.59
19.56,26.0,45.41,55.43
27.2,26.0,70.04,1.23
17.48,26.0,49.82,61.83
14.84,26.0,47.35,88.99
22.85,26.0,51.26,20.04
25.54,26.0,77.93,3.98
12.64,26.0,74.75,100.0
19.19,26.0,82.95,51.07
26.28,26.0,84.16,0.64
23.99,26.0,80.73,21.24
27.87,26.0,50.32,0.0
20.5,26.0,80.14,44.06
22.56,26.0,78.55,29.73
16.84,26.0,79.84,74.18
27.16,26.0,51.07,1.24
17.86,26.0,49.67,63.66
23.82,26.0,81.95,16.66
18.45,26.0,51.95,57.08
20.99,26.0,59.74,46.14
23.52,26.0,63.24,23.17
20.14,26.0,49.98,47.17
26.51,26.0,45.83,0.35
18.71,26.0,84.76,53.19
22.35,26.0,80.07,29.25
17.48,26.0,81.49,58.99
18.53,26.0,56.38,58.73
19.04,26.0,53.8,55.18
14.01,26.0,62.03,85.51
13.47,26.0,63.13,91.9
22.68,26.0,45.22,31.43
22.49,26.0,76.17,28.23
22.61,26.0,84.87,28.28
12.32,26.0,66.15,100.0
17.22,26.0,60.53,75.25
15.16,26.0,60.71,77.43
24.45,26.0,48.84,12.7
25.77,26.0,55.65,0.0
15.95,26.0,65.09,79.15
22.69,26.0,62.27,28.15
14.07,26.0,66.8,87.81
16.4,26.0,78.96,77.51
14.22,26.0,54.01,88.22
16.54,26.0,46.11,76.87
22.8,26.0,46.53,31.43
26.57,26.0,50.37,0.21
15.24,26.0,67.82,83.21
20.67,26.0,77.33,39.92
23.22,26.0,80.47,29.2
27.25,26.0,70.4,0.56
21.76,26.0,61.13,34.83
16.08,26.0,51.18,72.86
22.01,26.0,61.06,31.46
17.13,26.0,58.3,67.28
27.62,26.0,79.8,0.85
18.39,26.0,64.47,58.78
22.97,26.0,54.05,26.07
12.37,26.0,56.55,100.0
18.4,26.0,50.46,62.7
26.0,26.0,81.74,0.0
21.76,26.0,47.01,35.9
19.1,26.0,45.51,56.1
26.97,26.0,52.32,0.92
25.66,26.0,77.43,1.22
17.16,26.0,65.94,65.03
20.71,26.0,70.03,39.32
19.84,26.0,59.31,45.17
22.12,26.0,47.75,35.87
17.35,26.0,79.25,65.26
15.91,26.0,52.68,82.07
26.6,26.0,46.32,0.12
26.78,26.0,67.91,0.0
25.49,26.0,48.33,5.9
27.65,26.0,48.83,0.22
23.92,26.0,77.02,14.75
24.23,26.0,64.66,19.65
24.2,26.0,54.66,18.25
19.69,26.0,58.95,53.69
19.3,26.0,74.17,48.46
15.84,26.0,47.65,80.0
22.32,26.0,49.66,33.84
16.63,26.0,69.65,70.91
16.12,26.0,69.28,71.3
21.38,26.0,83.9,41.69
18.56,26.0,59.98,66.19
15.5,26.0,47.6,77.13
25.06,26.0,66.5,12.59
25.77,26.0,70.53,0.0
14.68,26.0,50.58,88.2
12.12,26.0,67.11,92.3
17.38,26.0,52.91,65.99
24.76,26.0,78.79,7.79
25.43,26.0,78.41,5.68
14.21,26.0,62.19,89.81
24.39,26.0,83.67,8.82
13.85,26.0,84.19,83.98
18.24,26.0,50.17,60.55
27.98,26.0,59.71,0.77
15.08,26.0,69.01,81.81
14.46,26.0,48.39,83.53
18.76,26.0,60.31,55.95
21.91,26.0,55.45,41.22
26.93,26.0,83.08,0.7
27.69,26.0,61.46,0.0
13.11,26.0,75.51,90.3
14.21,26.0,60.47,86.39
24.65,26.0,50.27,12.2
16.33,26.0,79.53,64.91
26.16,26.0,45.02,1.42
22.62,26.0,47.24,35.84
13.79,26.0,59.58,88.66
25.32,26.0,72.48,7.17
14.82,26.0,58.67,84.12
18.78,26.0,47.65,66.72
20.83,26.0,57.71,43.5
20.01,26.0,54.8,53.4
22.98,26.0,45.22,26.14
22.44,26.0,66.39,30.21
27.87,26.0,49.67,0.01
27.99,26.0,56.5,0.19
20.26,26.0,70.65,45.6
13.52,26.0,74.0,92.15
23.65,26.0,55.54,19.59
27.63,26.0,58.17,0.77
17.09,26.0,54.88,71.94
19.38,26.0,83.28,48.09
18.8,26.0,52.62,62.09
12.82,26.0,52.33,97.64
22.76,26.0,62.8,28.4
17.65,26.0,52.57,59.0
24.6,26.0,51.27,13.21
25.31,26.0,48.84,9.25
25.14,26.0,70.61,15.34
18.67,26.0,69.48,59.19
17.14,26.0,71.01,70.88
23.98,26.0,75.93,14.63
24.82,26.0,58.05,11.92
19.86,26.0,81.74,52.24
26.29,26.0,74.33,0.99
14.3,26.0,77.19,87.12
26.07,26.0,73.84,0.8
13.54,26.0,59.34,92.57
14.46,26.0,56.32,85.2
20.54,26.0,61.9,41.73
13.08,26.0,48.88,100.0
12.84,26.0,63.05,97.43
12.01,26.0,46.73,100.0
18.98,26.0,45.16,56.37
24.39,26.0,82.26,15.46
12.56,26.0,72.57,95.72
22.44,26.0,67.47,32.5
25.17,26.0,58.64,11.74
14.69,26.0,67.82,80.22
14.35,26.0,80.66,77.73
25.77,26.0,71.1,3.27
25.17,26.0,69.1,2.87
20.62,26.0,63.41,43.34
25.11,26.0,58.83,7.97
13.48,26.0,72.94,91.19
18.31,26.0,84.24,64.71
23.8,26.0,61.99,14.02
16.12,26.0,60.69,82.97
24.04,26.0,62.12,18.12
20.07,26.0,62.02,49.71
24.0,26.0,84.62,13.39
19.43,26.0,73.27,55.15
17.89,26.0,59.37,63.75
15.51,26.0,59.86,78.85
15.33,26.0,62.23,73.02
24.02,26.0,46.47,19.89
13.9,26.0,66.11,91.09
13.38,26.0,77.46,88.48
14.82,26.0,71.42,85.64
14.81,26.0,52.94,88.65
25.17,26.0,74.12,6.65
18.38,26.0,73.78,64.19
27.85,26.0,55.5,0.75
14.2,26.0,69.91,85.83
22.46,26.0,69.44,31.17
19.18,26.0,78.59,53.03
18.29,26.0,50.44,52.8
26.0,26.0,52.79,0.0
27.61,26.0,64.44,0.45
25.97,26.0,46.77,6.32
15.08,26.0,61.62,87.08
15.53,26.0,76.53,79.28
22.5,26.0,50.95,30.83
16.63,26.0,63.4,67.81
23.76,26.0,84.59,17.97
21.06,26.0,65.24,48.01
20.81,26.0,64.93,40.57
25.26,26.0,67.35,0.0
23.37,26.0,52.44,28.36
12.43,26.0,50.89,100.0
12.79,26.0,72.09,99.63
21.62,26.0,60.83,41.15
19.78,26.0,56.6,55.23
16.16,26.0,46.26,77.05
18.7,26.0,78.84,48.64
24.13,26.0,46.29,18.87
25.23,26.0,75.0,10.54
20.98,26.0,60.28,41.74
18.17,26.0,68.95,59.93
16.33,26.0,54.91,71.11
20.35,26.0,51.22,44.01
17.04,26.0,66.34,74.71
21.03,26.0,72.82,47.41
22.83,26.0,52.82,29.0
13.06,26.0,62.45,95.01
12.02,26.0,62.79,96.91
15.4,26.0,53.64,83.01
26.31,26.0,67.6,1.43
22.34,26.0,50.84,27.52
14.75,26.0,65.39,84.59
26.24,26.0,49.54,0.0
19.52,26.0,64.42,53.87
19.62,26.0,57.46,57.81
26.97,26.0,63.09,0.86
12.95,26.0,62.35,93.87
15.44,26.0,81.32,78.46
21.37,26.0,64.6,39.35
15.13,26.0,77.74,76.39
22.87,26.0,54.03,29.53
15.43,26.0,59.08,82.06
13.59,26.0,48.0,94.11
15.31,26.0,61.83,76.92
18.76,26.0,71.75,54.67
14.82,26.0,78.53,78.78
14.16,26.0,67.64,83.35
25.76,26.0,70.6,4.17
17.13,26.0,52.09,71.09
17.77,26.0,46.49,69.43
12.88,26.0,76.67,89.4
17.72,26.0,51.68,63.69
16.24,26.0,48.65,81.46
21.77,26.0,82.5,34.33
15.29,26.0,83.54,76.81
26.21,26.0,69.65,0.07
26.87,26.0,60.15,0.0
13.6,26.0,78.33,91.91
13.72,26.0,53.19,95.48
13.85,26.0,62.18,89.27
21.91,26.0,59.28,32.46
13.95,26.0,81.51,91.85
25.64,26.0,81.79,7.32
24.07,26.0,71.04,16.75
25.12,26.0,49.43,14.83
20.42,26.0,64.29,43.97
27.95,26.0,54.81,1.93
12.71,26.0,80.4,97.92
18.42,26.0,50.54,57.85
17.18,26.0,47.17,71.94
27.18,26.0,73.18,0.44
21.23,26.0,63.13,49.35
24.9,26.0,78.53,8.61
14.73,26.0,47.99,91.04
27.66,26.0,77.04,0.0
19.98,26.0,46.49,46.28
19.9,26.0,46.12,50.81
27.53,26.0,63.45,1.23
18.09,26.0,53.85,59.21
18.36,26.0,68.75,60.4
21.36,26.0,46.03,43.98
14.05,26.0,46.42,91.5
17.14,26.0,74.09,64.67
15.09,26.0,53.41,82.25
13.65,26.0,71.26,88.73
25.86,26.0,75.0,2.74
21.43,26.0,47.37,43.86
17.74,26.0,75.79,63.44
18.54,26.0,55.74,54.75
18.9,26.0,60.58,54.65
22.13,26.0,48.47,35.21
26.83,26.0,78.55,0.0
26.92,26.0,67.43,0.0
18.26,26.0,65.19,66.59
17.27,26.0,83.74,64.89
19.22,26.0,58.38,57.4
21.09,26.0,80.63,34.69
19.39,26.0,73.79,53.42
22.54,26.0,82.14,25.67
20.87,26.0,81.31,40.99
17.13,26.0,84.64,75.78
17.53,26.0,50.27,68.21
18.06,26.0,76.84,57.28
13.51,26.0,77.18,89.95
14.66,26.0,70.77,80.84
23.57,26.0,56.15,19.61
18.23,26.0,83.61,65.76
15.43,26.0,53.18,84.33
21.0,26.0,64.98,42.87
24.09,26.0,65.86,17.0
16.12,26.0,51.47,75.29
25.23,26.0,73.9,13.76
26.84,26.0,48.55,0.34
21.56,26.0,72.72,26.32
22.7,26.0,78.94,36.91
12.84,26.0,58.98,96.65
27.13,26.0,73.38,0.0
18.28,26.0,51.27,65.75
26.78,26.0,78.84,0.0
21.26,26.0,83.08,40.98
12.07,26.0,51.11,100.0
12.62,26.0,72.67,90.46
22.89,26.0,65.23,28.83
21.0,26.0,66.26,46.57
12.42,26.0,73.26,93.54
23.9,26.0,64.55,17.45
25.63,26.0,69.01,8.75
19.94,26.0,54.24,48.52
19.45,26.0,60.14,51.49
12.09,26.0,79.61,95.26
24.59,26.0,49.4,14.46
17.29,26.0,68.9,60.77
26.06,26.0,52.37,0.0
17.97,26.0,78.86,61.43
21.04,26.0,68.16,41.91
16.33,26.0,61.12,77.66
14.57,26.0,54.99,92.29
24.4,26.0,62.47,21.21
19.95,26.0,83.3,50.45
20.58,26.0,65.37,44.06
27.45,26.0,63.78,0.23
27.42,26.0,74.85,0.0
25.69,26.0,60.16,6.01
15.0,26.0,62.1,84.8
21.51,26.0,58.48,40.73
26.05,26.0,51.04,0.0
17.99,26.0,73.55,63.89
13.62,26.0,79.92,91.81
24.98,26.0,81.22,13.56
19.71,26.0,80.23,49.01
21.03,26.0,63.07,38.71
27.71,26.0,56.36,0.92
21.72,26.0,70.52,33.76
18.8,26.0,83.19,55.66
17.92,26.0,74.08,63.36
18.68,26.0,64.79,52.69
13.89,26.0,72.55,85.28
24.72,26.0,75.9,13.69
25.4,26.0,81.77,3.46
16.55,26.0,75.53,71.61
16.86,26.0,62.33,68.89
25.99,26.0,55.94,0.0
12.38,26.0,65.0,97.85
20.33,26.0,58.13,48.41
19.42,26.0,82.71,47.81
23.04,26.0,65.32,25.81
14.61,26.0,63.88,85.71
22.69,26.0,58.93,27.02
18.03,26.0,70.58,55.47
21.9,26.0,65.8,29.78
12.64,26.0,50.16,97.48
19.39,26.0,79.77,46.68
20.36,26.0,59.36,45.5
15.43,26.0,62.3,85.01
14.23,26.0,53.23,83.47
15.02,26.0,67.14,80.03
17.51,26.0,73.08,71.8
13.55,26.0,80.25,89.18
27.16,26.0,47.06,0.0
18.48,26.0,83.93,56.18
24.94,26.0,73.15,12.44
27.59,26.0,56.37,0.0
13.29,26.0,53.18,92.42
22.43,26.0,56.84,29.18
25.94,26.0,80.03,0.0
22.15,26.0,56.66,34.31
18.86,26.0,63.51,51.64
18.9,26.0,73.23,53.62
12.57,26.0,79.88,90.45
20.55,26.0,71.34,48.01
27.9,26.0,75.12,1.07
27.34,26.0,51.93,1.45
12.65,26.0,80.1,87.55
23.29,26.0,56.03,25.65
16.83,26.0,50.14,67.67
26.45,26.0,84.05,0.0
12.72,26.0,53.07,100.0
26.97,26.0,50.47,0.5
25.4,26.0,70.04,6.36
13.88,26.0,57.75,100.0
12.96,26.0,50.33,93.72
25.36,26.0,69.04,11.33
14.49,26.0,75.36,77.53
20.56,26.0,76.73,42.88
26.65,26.0,51.22,0.0
21.08,26.0,67.27,41.83
18.36,26.0,77.55,58.49
19.12,26.0,51.44,55.07
13.01,26.0,53.31,99.85
27.5,26.0,45.1,1.07
16.97,26.0,65.99,69.89
15.03,26.0,52.79,86.14
16.58,26.0,73.97,64.95
27.43,26.0,83.49,0.43
13.51,26.0,53.35,93.07
25.88,26.0,70.96,3.97
23.33,26.0,53.47,30.03
25.28,26.0,45.72,7.58
27.61,26.0,75.34,0.0
25.47,26.0,62.36,3.12
27.09,26.0,82.87,0.0
14.03,26.0,66.37,86.25
24.73,26.0,51.3,12.38
20.73,26.0,62.99,43.43
20.7,26.0,53.12,46.8
26.38,26.0,80.12,0.0
27.55,26.0,72.64,0.0
23.28,26.0,58.65,26.69
19.73,26.0,66.11,39.84
19.3,26.0,71.78,50.6
18.18,26.0,76.31,55.54
17.79,26.0,48.21,69.91
18.26,26.0,45.9,61.16
13.44,26.0,49.58,92.06
13.24,26.0,60.8,93.03
24.48,26.0,63.67,13.12
19.14,26.0,50.46,54.73
26.89,26.0,61.45,1.22
21.8,26.0,62.66,34.66
12.56,26.0,49.36,98.09
14.52,26.0,81.67,78.12
15.29,26.0,68.97,74.95
27.61,26.0,60.54,0.0
15.5,26.0,65.28,79.34
20.25,26.0,57.57,42.62
26.98,26.0,79.17,0.0
27.64,26.0,68.0,1.02
15.78,26.0,64.8,79.96
12.79,26.0,81.44,93.13
14.46,26.0,78.52,84.8
13.01,26.0,77.51,99.11
15.12,26.0,54.02,81.41
21.1,26.0,51.12,38.47
26.6,26.0,72.6,0.0
20.6,26.0,63.75,50.78
22.02,26.0,72.35,40.05
15.23,26.0,75.43,75.11
24.81,26.0,56.81,9.96
21.88,26.0,56.39,34.8
25.83,26.0,64.63,6.68
27.18,26.0,55.94,0.51
17.57,26.0,71.69,57.25
13.45,26.0,74.87,96.92
15.61,26.0,63.88,78.85
19.01,26.0,73.95,56.04
27.13,26.0,65.42,1.78
18.05,26.0,73.51,62.37
24.33,26.0,54.0,11.45
20.65,26.0,74.55,40.38
14.92,26.0,73.6,80.9
17.13,26.0,55.66,61.15
22.45,26.0,67.24,29.95
22.77,26.0,79.21,26.69
18.96,26.0,54.98,55.83
15.66,26.0,74.44,73.91
23.55,26.0,83.16,18.41
14.7,26.0,79.65,74.52
26.99,26.0,61.06,1.25
15.01,26.0,69.29,79.68
13.72,26.0,84.67,81.14
19.96,26.0,67.74,48.88
20.31,26.0,49.6,46.9
20.13,26.0,46.82,47.88
18.99,26.0,76.61,46.73
27.92,26.0,61.95,0.0
19.78,26.0,54.87,46.88
19.65,26.0,58.91,51.93
18.75,26.0,75.29,53.16
13.07,26.0,63.61,92.37
21.49,26.0,79.74,41.11
15.65,26.0,74.4,77.78
22.2,26.0,83.96,35.7
12.81,26.0,80.54,93.24
27.7,26.0,55.18,2.66
19.5,26.0,71.36,45.17
26.35,26.0,45.82,0.0
19.61,26.0,84.64,48.54
12.97,26.0,55.44,100.0
25.16,26.0,71.59,7.3
22.37,26.0,78.97,31.78
24.51,26.0,51.42,16.1
18.85,26.0,78.92,58.96
22.21,26.0,45.49,33.77
25.7,26.0,62.68,6.73
22.1,26.0,63.88,27.87
17.56,26.0,59.96,60.03
22.6,26.0,68.46,21.83
22.75,26.0,81.59,30.69
27.37,26.0,58.08,2.42
17.93,26.0,68.17,65.32
18.8,26.0,80.1,52.73
24.99,26.0,75.92,8.46
20.09,26.0,46.63,49.37
23.79,26.0,82.71,25.17
19.36,26.0,46.87,60.93
15.45,26.0,68.55,80.86
23.92,26.0,68.01,20.79
14.1,26.0,76.46,89.79
15.18,26.0,50.94,81.71
22.03,26.0,52.17,33.77
23.96,26.0,75.08,18.64
26.32,26.0,50.98,0.0
16.36,26.0,63.78,72.38
13.77,26.0,74.27,83.57
27.3,26.0,71.05,1.03
14.47,26.0,53.42,88.65
15.16,26.0,57.16,86.71
16.66,26.0,83.76,62.52
20.47,26.0,62.95,52.25
26.13,26.0,46.78,0.88
24.17,26.0,53.78,13.95
23.33,26.0,58.7,22.58
14.8,26.0,84.98,83.98
17.72,26.0,57.11,65.77
19.65,26.0,46.06,52.12
14.36,26.0,65.52,82.62
16.37,26.0,48.34,70.33
16.93,26.0,55.96,74.34
14.04,26.0,84.7,86.84
20.8,26.0,73.19,47.09
23.28,26.0,47.03,27.12
13.12,26.0,62.95,84.3
19.7,26.0,51.87,47.72
24.52,26.0,49.92,16.92
23.97,26.0,68.48,17.96
25.04,26.0,65.23,8.28
19.17,26.0,74.71,49.4
25.13,26.0,80.69,12.46
15.85,26.0,54.87,79.21
17.77,26.0,81.92,63.24
14.82,26.0,65.72,80.25
19.48,26.0,55.35,53.85
18.27,26.0,78.83,53.99
15.85,26.0,46.42,78.42
24.03,26.0,67.38,9.96
17.02,26.0,73.86,61.85
16.36,26.0,56.2,72.94
14.09,26.0,79.54,92.91
19.02,26.0,54.61,50.18
16.85,26.0,78.59,63.43
17.91,26.0,48.14,65.63
15.78,26.0,51.4,84.83
24.21,26.0,60.24,18.28
26.88,26.0,79.16,0.0
19.97,26.0,50.78,49.1
22.29,26.0,80.02,29.6
25.87,26.0,54.19,2.14
27.98,26.0,63.1,1.14
21.82,26.0,59.11,38.78
26.24,26.0,49.73,0.62
26.54,26.0,82.77,0.43
24.66,26.0,62.53,13.79
19.37,26.0,72.61,51.38
13.3,26.0,68.01,85.75
12.25,26.0,65.07,95.02
19.64,26.0,69.66,54.89
19.91,26.0,80.93,46.99
18.52,26.0,72.97,58.75
21.09,26.0,66.3,37.85
20.83,26.0,70.81,42.25
25.39,26.0,69.26,2.15
13.74,26.0,62.32,90.17
15.6,26.0,69.99,78.18
24.69,26.0,62.74,14.55
25.57,26.0,75.3,1.96
27.92,26.0,83.76,0.7
25.97,26.0,83.39,2.45
26.24,26.0,77.83,0.0
17.03,26.0,69.07,66.94
18.43,26.0,74.97,64.8
16.29,26.0,52.12,71.83
21.7,26.0,64.16,40.5
27.02,26.0,55.29,0.0
17.51,26.0,45.14,70.23
20.91,26.0,83.67,43.2
16.74,26.0,79.55,66.53
14.72,26.0,65.55,78.89
15.12,26.0,55.17,75.38
12.93,26.0,72.72,90.73
27.19,26.0,62.39,1.04
18.45,26.0,77.13,53.98
25.35,26.0,84.98,7.44
22.9,26.0,58.96,22.92
15.07,26.0,54.78,81.86
14.81,26.0,55.7,80.2
24.99,26.0,48.73,10.76
16.24,26.0,60.76,72.49
26.61,26.0,45.7,1.83
14.24,26.0,49.58,86.57
22.84,26.0,55.87,25.44
25.03,26.0,51.39,6.01
15.76,26.0,74.29,79.0
16.42,26.0,49.22,73.46
27.43,26.0,79.64,0.0
16.23,26.0,53.84,73.09
18.88,26.0,49.34,61.25
18.92,26.0,45.4,55.55
16.05,26.0,73.61,78.77
24.41,26.0,55.26,13.02
24.35,26.0,65.38,18.0
18.05,26.0,49.46,67.34
25.36,26.0,84.41,8.54
15.41,26.0,50.02,76.44
12.07,26.0,61.48,96.98
21.14,26.0,79.07,43.64
27.91,26.0,54.8,0.78
12.62,26.0,55.68,100.0
15.33,26.0,77.34,75.93
20.3,26.0,55.93,47.91
24.96,26.0,45.11,6.57
13.42,26.0,62.12,89.68
18.32,26.0,45.5,59.28
23.95,26.0,81.39,19.66
17.94,26.0,70.67,62.13
15.02,26.0,68.32,82.41
15.13,26.0,53.06,80.87
18.56,26.0,73.0,54.23
19.67,26.0,72.09,50.84
25.79,26.0,47.42,0.0
22.28,26.0,80.23,35.23
23.05,26.0,68.18,26.07
27.73,26.0,76.7,0.15
18.59,26.0,55.52,60.95
18.45,26.0,49.88,60.66
26.77,26.0,73.1,0.0
15.93,26.0,76.76,70.06
23.68,26.0,60.44,25.62
24.07,26.0,45.95,19.53
13.56,26.0,77.73,82.23
19.49,26.0,53.24,54.61
15.21,26.0,58.56,79.22
14.97,26.0,70.13,77.78
19.42,26.0,49.0,50.3
16.63,26.0,47.88,77.01
24.74,26.0,46.03,6.55
26.52,26.0,81.67,0.0
24.84,26.0,57.46,12.61
16.26,26.0,71.43,78.06
16.39,26.0,84.57,71.75
16.08,26.0,71.78,70.67
14.16,26.0,66.0,91.9
27.1,26.0,65.84,0.34
18.43,26.0,60.08,60.79
15.6,26.0,68.99,78.79
25.55,26.0,83.35,2.13
18.39,26.0,76.52,60.65
12.56,26.0,61.97,95.37
14.59,26.0,58.3,87.59
22.23,26.0,80.34,25.36
24.53,26.0,50.43,16.36
15.37,26.0,78.98,75.44
26.68,26.0,55.2,0.49
25.62,26.0,73.63,4.47
25.57,26.0,77.25,9.38
15.64,26.0,64.08,79.32
12.81,26.0,52.69,96.96
25.88,26.0,78.79,4.47
16.89,26.0,59.7,72.9
21.9,26.0,57.83,37.35
24.16,26.0,65.4,9.79
14.05,26.0,62.4,84.41
24.49,26.0,72.32,19.66
27.02,26.0,50.49,0.0
23.65,26.0,62.43,25.11
19.06,26.0,80.67,55.82
26.03,26.0,46.44,0.79
20.44,26.0,63.29,38.79
23.92,26.0,71.42,17.56
25.13,26.0,80.51,16.42
23.99,26.0,68.75,16.05
16.61,26.0,77.98,66.61
13.89,26.0,53.91,86.9
15.81,26.0,59.11,81.47
20.05,26.0,82.69,45.79
20.08,26.0,80.44,44.41
21.32,26.0,67.32,44.15
18.32,26.0,64.02,62.16
24.59,26.0,63.04,11.05
26.61,26.0,47.35,1.86
15.95,26.0,80.7,77.15
23.78,26.0,77.73,20.39
22.85,26.0,63.25,22.84
20.37,26.0,56.18,40.68
15.02,26.0,58.72,78.48
24.72,26.0,49.93,9.11
27.37,26.0,73.87,0.69
23.55,26.0,67.27,18.78
26.69,26.0,54.36,1.01
27.75,26.0,69.92,1.23
17.63,26.0,84.17,68.01
22.21,26.0,49.9,32.98
19.58,26.0,63.34,51.11
27.79,26.0,64.77,1.05
13.5,26.0,51.67,92.4
18.6,26.0,66.26,59.43
26.01,26.0,69.24,1.08
16.54,26.0,51.29,74.03
24.6,26.0,51.19,24.16
18.12,26.0,79.25,62.76
27.68,26.0,57.46,0.21
26.14,26.0,70.21,0.0
16.82,26.0,70.07,66.37
24.32,26.0,78.57,17.58
17.39,26.0,74.6,60.07
21.7,26.0,78.62,31.78
22.54,26.0,70.01,31.41
25.27,26.0,62.98,11.61
12.39,26.0,60.74,100.0
15.52,26.0,60.16,81.91
23.39,26.0,61.74,25.44
21.02,26.0,50.17,43.4
19.93,26.0,61.96,47.69
12.88,26.0,60.58,98.29
17.57,26.0,46.38,70.96
25.84,26.0,56.01,2.03
12.49,26.0,75.08,94.63
18.34,26.0,68.12,65.07
27.12,26.0,77.25,0.0
12.81,26.0,66.71,94.98
24.0,26.0,79.16,20.32
16.12,26.0,76.84,72.24
25.87,26.0,48.93,0.0
23.94,26.0,84.08,20.21
26.17,26.0,45.59,0.0
15.45,26.0,68.87,84.43
20.5,26.0,76.7,46.89
24.47,26.0,58.28,13.37
15.93,26.0,68.94,77.52
15.69,26.0,59.48,79.02
12.43,26.0,47.42,100.0
27.34,26.0,45.34,0.33
23.36,26.0,48.79,25.66
22.17,26.0,48.94,33.96
23.9,26.0,69.44,19.93
20.51,26.0,66.03,41.96
19.62,26.0,63.22,53.48
19.19,26.0,72.68,54.81
22.25,26.0,45.67,38.42
15.22,26.0,55.84,81.48
26.21,26.0,76.1,2.33
24.99,26.0,81.4,13.13
17.59,26.0,62.53,62.36
21.26,26.0,48.26,44.98
14.26,26.0,76.95,87.86
27.56,26.0,80.41,0.0
26.45,26.0,61.55,1.58
26.75,26.0,54.73,0.0
17.31,26.0,46.76,69.46
14.71,26.0,68.64,84.04
15.39,26.0,81.39,74.46
13.44,26.0,72.12,94.55
13.92,26.0,57.69,91.53
13.14,26.0,70.72,88.84
27.84,26.0,78.28,0.0
13.18,26.0,64.03,93.28
14.12,26.0,77.79,80.91
25.24,26.0,60.68,5.61
21.28,26.0,58.94,45.35
24.39,26.0,68.32,22.18
22.09,26.0,63.59,37.41
26.11,26.0,84.08,0.0
22.22,26.0,65.66,37.11
20.35,26.0,60.41,48.59
23.4,26.0,60.8,25.23
19.16,26.0,66.92,56.09
17.54,26.0,59.2,68.52
19.48,26.0,73.92,48.68
14.72,26.0,60.23,86.61
24.75,26.0,60.37,18.09
16.17,26.0,69.68,72.62
14.46,26.0,47.43,86.76
15.94,26.0,71.21,76.23
25.47,26.0,65.2,3.88
17.28,26.0,63.12,62.49
22.98,26.0,73.77,30.72
25.7,26.0,75.33,2.13
13.24,26.0,78.85,89.9
24.24,26.0,59.99,15.19
16.92,26.0,58.08,74.62
15.47,26.0,73.57,80.16
23.02,26.0,68.27,25.81
26.56,26.0,70.27,0.33
16.72,26.0,67.22,68.97
21.1,26.0,75.91,42.06
16.64,26.0,52.6,73.46
20.87,26.0,67.23,42.8
21.95,26.0,51.32,36.54
21.77,26.0,61.29,39.11
21.98,26.0,71.56,34.05
14.16,26.0,64.72,88.34
23.1,26.0,60.18,23.06
22.8,26.0,80.4,36.61
22.92,26.0,75.91,26.0
13.19,26.0,66.05,93.27
19.15,26.0,83.0,54.49
18.54,26.0,61.97,57.45
13.39,26.0,76.52,89.43
15.56,26.0,51.72,80.0
19.06,26.0,56.43,52.85
23.89,26.0,58.52,21.84
15.79,26.0,49.23,73.08
25.28,26.0,65.07,14.2
20.73,26.0,52.69,47.41
24.17,26.0,70.37,19.81
19.56,26.0,52.6,46.88
19.99,26.0,49.94,47.45
21.92,26.0,83.76,38.64
26.85,26.0,71.33,0.08
19.87,26.0,82.46,52.02
20.46,26.0,64.6,49.15
21.63,26.0,46.34,40.38
23.8,26.0,67.97,17.65
13.15,26.0,67.33,96.03
20.25,26.0,45.6,44.9
19.71,26.0,79.45,44.99
26.75,26.0,69.8,2.1
19.9,26.0,74.79,51.83
19.49,26.0,64.76,51.96
27.4,26.0,69.74,0.7
19.21,26.0,55.3,55.06
14.89,26.0,83.95,75.08
15.47,26.0,61.03,76.77
13.52,26.0,51.49,90.95
12.01,26.0,47.24,98.58
18.91,26.0,70.45,53.7
24.31,26.0,84.34,12.17
23.74,26.0,80.83,22.61
12.51,26.0,73.08,97.62
21.12,26.0,84.62,34.7
14.47,26.0,73.91,82.25
27.06,26.0,58.57,0.44
14.68,26.0,69.05,79.38
22.03,26.0,48.19,36.93
17.22,26.0,53.87,69.13
22.26,26.0,61.7,36.57
18.6,26.0,53.07,60.61
24.15,26.0,83.14,15.71
15.69,26.0,84.82,74.27
26.49,26.0,59.84,0.0
20.0,26.0,73.37,47.51
24.1,26.0,61.31,13.85
25.6,26.0,50.58,9.41
27.98,26.0,58.48,0.0
15.58,26.0,54.33,75.78
16.59,26.0,58.12,71.27
16.01,26.0,53.6,76.01
16.21,26.0,49.49,72.05
21.32,26.0,53.7,33.76
27.9,26.0,81.23,0.31
27.84,26.0,48.41,0.0
20.43,26.0,57.99,41.29
22.22,26.0,66.14,33.37
25.76,26.0,59.18,7.27
26.93,26.0,65.7,0.0
15.26,26.0,46.74,82.29
20.46,26.0,70.94,38.52
25.33,26.0,67.54,10.06
16.85,26.0,72.24,69.16
19.04,26.0,67.69,56.42
27.77,26.0,62.52,0.0
27.76,26.0,59.01,0.13
26.5,26.0,54.06,0.5
24.78,26.0,65.0,8.92
16.31,26.0,46.04,77.64
17.13,26.0,58.13,68.85
20.76,26.0,72.11,38.53
20.97,26.0,49.35,38.22
20.09,26.0,47.52,48.5
22.19,26.0,71.09,28.34
18.53,26.0,60.91,60.91
23.99,26.0,77.07,17.33
17.34,26.0,82.49,61.98
17.29,26.0,83.28,61.7
14.04,26.0,62.02,88.94
15.02,26.0,55.57,83.03
25.61,26.0,69.34,5.45
19.14,26.0,70.13,54.6
15.65,26.0,69.89,76.37
24.15,26.0,57.87,14.55
20.86,26.0,47.55,41.57
12.34,26.0,53.4,98.83
17.06,26.0,51.18,77.41
14.83,26.0,49.96,80.28
22.49,26.0,82.05,28.31
16.4,26.0,45.55,75.73
13.04,26.0,69.07,91.83
12.88,26.0,82.9,95.01
21.31,26.0,59.4,38.85
12.35,26.0,66.08,96.85
25.58,26.0,72.83,7.84
14.49,26.0,57.69,92.26
21.71,26.0,64.11,41.62
19.12,26.0,77.68,52.84
19.09,26.0,74.81,53.65
13.15,26.0,77.34,90.85
24.84,26.0,84.49,12.05
26.29,26.0,59.81,2.12
12.18,26.0,74.88,100.0
14.86,26.0,69.11,82.41
26.46,26.0,71.66,0.59
20.79,26.0,74.59,37.87
14.4,26.0,74.99,83.74
15.24,26.0,80.43,70.83
22.56,26.0,58.97,28.66
23.6,26.0,71.14,20.11
21.59,26.0,56.21,39.12
27.25,26.0,68.78,1.91
19.91,26.0,75.05,50.33
16.8,26.0,76.64,73.4
19.64,26.0,61.8,53.75
17.75,26.0,65.35,67.66
15.59,26.0,58.35,85.27
12.74,26.0,51.76,95.48
17.64,26.0,55.42,62.99
23.38,26.0,81.49,25.59
12.3,26.0,57.36,99.69
19.03,26.0,83.99,53.97
22.3,26.0,54.66,32.03
21.77,26.0,73.92,33.45
24.43,26.0,67.96,21.18
24.97,26.0,72.87,6.88
23.39,26.0,70.76,26.13
13.64,26.0,73.27,90.27
19.6,26.0,81.22,44.21
21.65,26.0,67.54,33.9
15.93,26.0,47.71,75.87
12.68,26.0,55.83,99.58
15.58,26.0,73.33,75.24
19.28,26.0,64.76,53.32
18.62,26.0,66.94,52.68
14.83,26.0,68.86,90.06
25.19,26.0,60.31,9.2
26.81,26.0,75.96,1.93
15.22,26.0,73.94,76.74
26.87,26.0,73.57,0.59
12.29,26.0,73.61,100.0
26.8,26.0,80.61,1.75
27.23,26.0,68.82,0.87
12.19,26.0,83.68,90.89
24.21,26.0,49.77,16.53
27.52,26.0,70.28,0.0
26.49,26.0,73.68,0.0
27.53,26.0,64.09,0.0
20.81,26.0,56.53,34.8
13.25,26.0,67.0,90.88
25.6,26.0,59.59,4.64
21.82,26.0,81.36,29.85
21.84,26.0,59.27,41.38
18.68,26.0,52.03,57.07
21.15,26.0,68.06,39.54
14.46,26.0,60.84,83.5
23.84,26.0,48.84,20.83
13.2,26.0,67.59,96.76
23.68,26.0,66.51,30.32
25.58,26.0,51.93,7.78
19.56,26.0,68.91,55.09
20.16,26.0,67.69,53.33
17.0,26.0,75.94,68.09
27.51,26.0,59.46,2.1
23.73,26.0,54.95,24.5
17.9,26.0,83.05,61.02
14.8,26.0,67.45,83.56
15.51,26.0,46.09,74.81
19.42,26.0,77.83,52.29
27.08,26.0,52.87,0.08
23.75,26.0,76.44,15.0
15.44,26.0,73.21,78.05
25.75,26.0,83.75,0.0
18.05,26.0,83.62,59.48
25.63,26.0,55.98,5.15
15.87,26.0,75.66,74.99
21.9,26.0,57.67,32.57
26.83,26.0,70.17,1.29
16.13,26.0,68.91,73.43
23.09,26.0,47.18,28.82
27.8,26.0,45.21,1.47
14.41,26.0,47.31,87.56
13.41,26.0,50.12,97.9
22.79,26.0,55.31,32.57
17.44,26.0,81.28,60.92
13.14,26.0,65.75,90.99
19.6,26.0,76.88,46.7
24.06,26.0,78.53,15.83
16.56,26.0,74.4,65.28
17.36,26.0,60.66,66.44
25.53,26.0,79.55,7.63
20.32,26.0,74.68,42.8
25.48,26.0,74.73,5.62
19.14,26.0,81.06,52.0
27.25,26.0,68.95,0.0
22.41,26.0,66.14,29.22
13.85,26.0,80.61,83.84
26.16,26.0,63.18,0.0
19.83,26.0,77.46,44.62
14.27,26.0,47.15,90.99
14.44,26.0,45.05,87.88
23.0,26.0,66.13,27.13
12.76,26.0,47.94,100.0
16.59,26.0,84.06,73.31
14.24,26.0,45.22,83.9
19.06,26.0,73.73,56.4
18.63,26.0,54.74,59.94
20.35,26.0,83.7,42.9
16.47,26.0,60.26,73.92
12.51,26.0,46.09,94.5
21.83,26.0,46.08,42.19
17.98,26.0,67.13,63.82
22.42,26.0,84.47,27.12
13.74,26.0,84.19,83.86
12.22,26.0,58.49,93.98
15.97,26.0,64.31,74.31
19.3,26.0,49.02,53.44
18.31,26.0,65.89,55.38
24.96,26.0,68.99,13.56
18.05,26.0,55.04,67.55
20.49,26.0,69.48,44.78
21.5,26.0,80.99,35.85
12.35,26.0,45.04,100.0
20.24,26.0,54.16,47.94
17.52,26.0,53.4,63.05
18.74,26.0,49.96,56.66
13.6,26.0,51.64,91.54
24.53,26.0,70.04,15.48
27.08,26.0,49.11,1.39
12.36,26.0,74.54,96.7
21.62,26.0,80.48,30.74
24.22,26.0,82.06,19.05
16.56,26.0,71.41,70.65
24.6,26.0,52.9,23.39
22.12,26.0,48.41,33.37
26.87,26.0,54.28,0.0
27.7,26.0,83.48,0.56
12.68,26.0,83.49,93.0
19.12,26.0,60.28,54.96
20.75,26.0,58.03,40.58
14.35,26.0,65.4,90.83
17.38,26.0,56.67,63.26
27.8,26.0,84.19,0.0
12.26,26.0,53.85,98.96
19.24,26.0,59.77,53.76
25.48,26.0,62.17,1.11
17.18,26.0,50.0,74.23
19.68,26.0,60.31,50.39
27.65,26.0,79.27,0.61
19.6,26.0,50.61,57.29
14.09,26.0,68.36,84.78
12.83,26.0,61.27,96.83
27.13,26.0,51.82,1.83
16.25,26.0,45.49,78.03
20.07,26.0,55.93,41.4
13.45,26.0,47.47,96.75
18.78,26.0,60.07,57.18
26.88,26.0,77.41,0.0
20.04,26.0,73.79,47.17
27.54,26.0,82.9,1.72
16.14,26.0,62.08,75.33
20.07,26.0,73.31,42.59
25.75,26.0,71.61,2.2
19.17,26.0,53.68,56.09
16.47,26.0,57.14,76.99
25.69,26.0,66.19,1.07
18.24,26.0,76.87,64.21
20.49,26.0,63.47,48.71
27.62,26.0,54.11,1.91
14.98,26.0,84.74,74.47
16.82,26.0,49.62,66.94
12.5,26.0,83.24,94.39
18.27,26.0,77.36,56.29
15.2,26.0,78.56,82.21
22.88,26.0,76.8,24.87
14.9,26.0,53.33,80.85
22.8,26.0,70.3,29.06
16.22,26.0,75.27,69.83
17.68,26.0,74.83,63.0
17.58,26.0,55.86,69.53
23.47,26.0,52.24,24.38
19.46,26.0,58.12,53.48
17.78,26.0,64.19,64.41
25.64,26.0,67.95,0.0
21.15,26.0,78.48,40.88
15.42,26.0,75.76,77.67
26.4,26.0,72.05,0.53
17.48,26.0,55.54,68.91
12.62,26.0,64.16,95.66
19.91,26.0,58.42,53.52
13.98,26.0,54.4,88.66
15.82,26.0,45.41,80.16
23.95,26.0,58.58,18.66
14.09,26.0,55.24,90.46
24.91,26.0,67.88,10.03
26.99,26.0,47.49,0.0
21.7,26.0,55.82,44.36
23.37,26.0,46.79,28.11
23.42,26.0,70.66,28.9
27.88,26.0,67.73,0.47
17.46,26.0,58.5,61.54
14.61,26.0,50.89,85.18
20.31,26.0,83.32,44.98
20.53,26.0,68.38,43.98
14.85,26.0,72.16,75.5
21.81,26.0,66.25,39.81
12.23,26.0,77.26,100.0
26.84,26.0,80.86,0.3
16.23,26.0,60.31,78.12
12.63,26.0,72.6,95.47
13.73,26.0,54.2,88.36
15.84,26.0,71.07,75.45
16.38,26.0,60.97,80.63
12.52,26.0,45.27,99.39
16.47,26.0,83.22,67.9
15.09,26.0,79.74,82.41
18.06,26.0,56.63,66.91
18.16,26.0,84.91,55.67
17.42,26.0,57.69,65.98
17.25,26.0,63.35,65.55
13.44,26.0,79.05,88.89
12.4,26.0,57.18,100.0
15.23,26.0,63.02,77.49
24.11,26.0,71.62,21.83
27.85,26.0,50.22,0.0
26.86,26.0,61.89,2.49
20.07,26.0,57.38,50.05
20.51,26.0,72.07,44.15
17.03,26.0,50.44,72.48
24.38,26.0,54.31,15.13
24.24,26.0,73.46,10.62
25.51,26.0,51.25,5.12
26.33,26.0,61.88,0.82
18.95,26.0,73.52,49.29
24.27,26.0,75.62,16.29
24.9,26.0,48.8,4.62
16.94,26.0,79.08,65.95
26.87,26.0,73.96,0.0
13.51,26.0,58.57,92.26
27.91,26.0,75.55,0.0
24.32,26.0,74.13,15.88
13.49,26.0,69.04,87.39
22.5,26.0,67.34,30.67
12.55,26.0,74.39,95.06
24.32,26.0,84.97,12.66
24.79,26.0,68.14,13.36
21.64,26.0,77.35,37.11
25.71,26.0,74.77,3.05
13.57,26.0,79.23,96.31
16.41,26.0,83.18,69.34
18.63,26.0,52.72,58.43
12.68,26.0,51.62,96.95
19.17,26.0,68.45,50.55
16.24,26.0,62.97,76.27
18.28,26.0,67.83,57.53
18.8,26.0,76.92,53.47
26.07,26.0,82.27,0.39
16.33,26.0,61.7,70.08
26.3,26.0,73.72,0.48
18.82,26.0,52.87,56.47
17.24,26.0,66.38,69.97
20.04,26.0,45.87,50.93
18.68,26.0,65.15,63.05
16.12,26.0,66.81,76.73
20.04,26.0,74.42,49.29
14.43,26.0,70.98,90.62
17.63,26.0,59.34,64.97
21.05,26.0,45.23,43.16
18.61,26.0,49.62,59.81
25.18,26.0,83.92,14.01
16.11,26.0,81.89,71.93
27.52,26.0,58.0,0.0
24.56,26.0,55.35,16.84
27.48,26.0,62.46,0.0
25.41,26.0,72.6,8.54
14.27,26.0,59.27,88.45
20.42,26.0,47.69,46.65
14.72,26.0,61.11,85.85
25.09,26.0,55.42,4.76
21.35,26.0,58.0,40.33
16.22,26.0,51.52,74.12
26.87,26.0,71.35,0.74
13.84,26.0,66.07,89.05
21.02,26.0,55.83,40.2
23.54,26.0,67.15,17.91
12.94,26.0,64.71,98.88
21.57,26.0,76.84,35.52
25.05,26.0,83.24,6.98
13.08,26.0,50.23,97.34
20.2,26.0,80.36,48.13
16.14,26.0,73.19,75.25
22.61,26.0,72.7,29.59
13.9,26.0,59.97,89.79
26.99,26.0,58.76,1.55
26.32,26.0,45.23,0.62
14.98,26.0,84.29,79.96
17.17,26.0,69.26,70.83
21.4,26.0,61.09,39.31
23.49,26.0,66.75,20.27
19.08,26.0,46.62,56.44
14.5,26.0,51.95,89.45
13.67,26.0,69.93,82.65
28.0,26.0,65.57,0.0
19.29,26.0,76.48,55.53
25.96,26.0,71.35,5.99
19.72,26.0,69.06,45.76
26.76,26.0,77.61,2.16
13.4,26.0,47.73,93.17
13.82,26.0,72.64,86.54
26.87,26.0,73.62,0.0
27.16,26.0,56.01,2.22
17.04,26.0,52.83,66.25
17.68,26.0,53.55,64.65
19.24,26.0,52.93,54.65
18.66,26.0,65.95,53.72
15.04,26.0,50.43,86.34
26.37,26.0,71.37,0.15
16.05,26.0,49.2,75.67
23.28,26.0,46.08,26.74
13.07,26.0,57.77,94.34
12.62,26.0,52.67,100.0
22.46,26.0,84.55,26.6
17.42,26.0,57.12,62.08
22.49,26.0,53.88,30.48
13.5,26.0,52.87,93.2
27.2,26.0,59.95,0.13
23.98,26.0,69.23,14.3
26.02,26.0,76.28,0.0
14.18,26.0,59.58,84.86
17.12,26.0,70.04,62.13
17.89,26.0,64.28,66.32
20.59,26.0,78.86,41.09
16.75,26.0,67.76,73.95
12.97,26.0,56.6,95.76
17.9,26.0,73.14,62.8
16.07,26.0,77.8,72.01
18.17,26.0,63.62,51.87
15.15,26.0,84.49,73.4
16.19,26.0,80.16,71.23
22.03,26.0,52.88,36.36
18.21,26.0,76.47,53.1
17.53,26.0,69.04,64.55
20.54,26.0,66.39,40.85
24.35,26.0,65.56,17.05
18.06,26.0,79.14,59.92
21.4,26.0,69.43,41.08
27.46,26.0,66.51,1.15
20.35,26.0,46.95,49.5
26.56,26.0,62.93,0.0
24.7,26.0,81.32,11.61
12.94,26.0,73.47,100.0
18.87,26.0,47.04,54.14
23.17,26.0,80.36,23.03
27.79,26.0,78.07,0.81
19.33,26.0,66.87,55.66
13.48,26.0,45.9,96.09
20.99,26.0,67.5,43.89
14.03,26.0,47.18,83.39
24.02,26.0,57.82,24.76
20.12,26.0,70.16,46.61
23.57,26.0,81.52,26.15
25.91,26.0,59.31,0.0
22.06,26.0,79.4,33.93
21.8,26.0,81.73,32.77
24.07,26.0,45.84,21.24
25.48,26.0,54.58,7.33
25.9,26.0,73.39,2.69
12.58,26.0,75.27,90.76
20.9,26.0,60.7,42.56
15.46,26.0,71.27,76.94
25.77,26.0,69.49,4.8
22.37,26.0,74.59,34.57
18.72,26.0,73.75,56.86
15.01,26.0,48.43,79.64
17.42,26.0,51.33,68.11
23.26,26.0,50.31,34.87
15.27,26.0,82.3,82.77
13.5,26.0,81.54,77.42
26.21,26.0,76.9,0.43
24.23,26.0,49.67,21.05
15.2,26.0,67.97,79.11
16.68,26.0,52.49,70.94
27.55,26.0,59.74,2.86
23.33,26.0,55.68,26.83
21.77,26.0,78.16,31.2
16.92,26.0,50.78,75.32
16.79,26.0,70.85,69.06
12.63,26.0,84.36,89.15
23.66,26.0,72.48,25.5
12.69,26.0,48.17,93.61
12.08,26.0,81.31,94.34
23.67,26.0,70.72,19.51
27.18,26.0,63.25,1.13
24.1,26.0,71.39,15.65
19.55,26.0,80.16,42.66
19.78,26.0,64.09,48.26
18.98,26.0,66.25,57.08
17.19,26.0,63.1,70.43
20.35,26.0,47.9,55.81
18.9,26.0,76.48,59.8
21.57,26.0,50.06,39.38
26.37,26.0,60.78,1.22
27.92,26.0,60.47,0.0
13.26,26.0,56.2,92.63
18.15,26.0,61.1,59.3
14.89,26.0,69.72,79.91
17.63,26.0,57.46,61.15
16.6,26.0,51.9,71.52
14.79,26.0,79.77,79.51
24.23,26.0,83.83,19.19
19.94,26.0,63.34,47.88
26.71,26.0,58.08,0.0
12.52,26.0,46.9,94.72
13.07,26.0,46.47,97.65
18.45,26.0,60.72,59.91
13.28,26.0,82.21,87.03
16.2,26.0,74.23,70.82
27.78,26.0,58.97,0.0
15.34,26.0,83.72,81.2
15.17,26.0,62.15,78.12
21.18,26.0,56.07,41.45
19.97,26.0,62.05,52.53
21.29,26.0,53.46,37.83
18.03,26.0,80.43,60.0
25.23,26.0,59.45,8.48
14.22,26.0,71.32,80.69
18.85,26.0,60.56,57.55
23.04,26.0,81.07,25.97
25.89,26.0,70.7,3.53
17.91,26.0,64.53,58.62
21.08,26.0,50.29,42.33
13.11,26.0,81.08,95.08
14.73,26.0,66.87,90.15
13.11,26.0,56.4,99.33
23.65,26.0,80.12,17.19
16.61,26.0,47.18,75.34
23.58,26.0,57.56,21.14
13.06,26.0,66.47,94.23
25.8,26.0,58.59,0.02
25.37,26.0,64.07,1.2
13.42,26.0,55.57,91.81
12.38,26.0,50.2,100.0
12.9,26.0,46.47,99.01
25.66,26.0,51.31,5.79
15.76,26.0,83.12,74.66
20.77,26.0,68.02,44.44
18.82,26.0,64.56,58.59
24.73,26.0,60.37,12.18
19.82,26.0,73.34,49.35
20.01,26.0,50.65,56.09
27.83,26.0,56.05,0.73
14.4,26.0,71.24,84.3
25.29,26.0,64.16,8.29
12.83,26.0,75.8,92.14
19.64,26.0,80.88,47.97
26.18,26.0,77.93,0.24
22.64,26.0,52.37,28.68
22.96,26.0,48.66,27.66
16.21,26.0,51.78,72.95
18.7,26.0,76.34,56.59
17.87,26.0,81.55,62.99
20.34,26.0,82.02,43.97
19.4,26.0,56.93,46.62
17.23,26.0,78.61,67.43
16.89,26.0,66.45,69.64
16.01,26.0,77.91,69.62
17.84,26.0,66.93,65.66
14.4,26.0,50.84,82.75
25.95,26.0,48.17,4.46
21.63,26.0,83.29,35.58
14.14,26.0,62.03,79.42
23.1,26.0,59.02,27.16
25.56,26.0,59.25,3.89
15.8,26.0,60.16,75.19
14.41,26.0,82.8,79.55
12.14,26.0,47.51,100.0
12.76,26.0,49.76,96.6
24.2,26.0,76.59,10.62
27.79,26.0,66.98,0.0
12.72,26.0,50.14,97.61
23.97,26.0,46.38,17.54
13.15,26.0,53.97,91.08
21.47,26.0,55.43,41.73
24.1,26.0,45.57,14.5
17.75,26.0,53.64,65.73
12.17,26.0,74.53,95.01
21.52,26.0,79.22,35.02
27.86,26.0,80.93,0.74
16.12,26.0,60.6,72.83
15.03,26.0,57.78,82.47
13.98,26.0,84.99,85.14
20.88,26.0,75.77,38.83
21.54,26.0,66.49,37.37
24.68,26.0,55.19,16.84
24.05,26.0,57.85,13.18
26.28,26.0,65.61,0.0
24.89,26.0,66.68,8.21
15.96,26.0,45.55,74.65
20.89,26.0,83.38,41.78
16.76,26.0,68.02,67.92
17.28,26.0,68.57,62.16
26.91,26.0,53.46,0.0
22.91,26.0,75.6,30.32
27.59,26.0,74.49,0.0
18.67,26.0,48.81,54.4
20.6,26.0,68.8,46.24
19.79,26.0,71.33,48.45
13.72,26.0,78.42,92.33
15.79,26.0,53.24,80.44
20.44,26.0,80.11,45.27
13.08,26.0,63.46,90.13
26.9,26.0,48.86,1.06
13.98,26.0,49.22,86.14
15.17,26.0,52.91,86.92
24.25,26.0,56.31,18.89
13.55,26.0,64.86,87.64
26.4,26.0,74.95,1.32
23.61,26.0,52.47,30.65
13.1,26.0,84.71,88.85
23.07,26.0,51.46,29.11
22.11,26.0,68.98,31.92
24.12,26.0,82.16,17.84
25.25,26.0,78.3,2.8
23.49,26.0,70.92,22.9
21.38,26.0,73.62,38.46
17.16,26.0,50.37,75.93
23.16,26.0,45.39,20.53
27.31,26.0,62.37,0.48
21.4,26.0,48.58,44.61
22.63,26.0,59.31,29.3
18.99,26.0,53.95,56.15
24.1,26.0,81.65,14.8
27.96,26.0,80.2,0.42
14.57,26.0,77.76,75.65
15.24,26.0,73.56,76.39
20.63,26.0,51.16,42.04
19.7,26.0,46.93,52.96
21.15,26.0,71.16,37.39
12.79,26.0,70.69,92.45
18.47,26.0,59.78,58.07
21.33,26.0,63.91,39.26
21.36,26.0,64.57,37.28
22.52,26.0,54.6,27.57
23.52,26.0,57.57,23.58
22.26,26.0,61.74,36.48
24.64,26.0,69.13,14.08
22.0,26.0,83.23,31.11
20.6,26.0,66.54,43.93
21.7,26.0,74.25,28.81
13.62,26.0,77.28,87.38
16.37,26.0,49.54,73.6
20.44,26.0,71.12,41.8
25.97,26.0,64.28,0.0
22.86,26.0,67.9,26.43
13.45,26.0,46.54,97.99
21.48,26.0,81.25,40.86
15.55,26.0,83.11,71.93
23.74,26.0,45.14,20.22
25.24,26.0,53.51,6.88
21.5,26.0,52.21,41.95
21.46,26.0,76.25,38.03
17.42,26.0,68.92,65.78
19.14,26.0,52.09,57.82
25.83,26.0,77.56,0.26
23.57,26.0,59.14,27.58
20.32,26.0,63.43,46.62
17.89,26.0,60.49,60.43
12.81,26.0,65.86,94.12
14.29,26.0,64.21,90.37
15.09,26.0,55.98,80.88
17.97,26.0,61.98,66.02
27.11,26.0,81.33,1.01
20.08,26.0,65.12,45.41
15.76,26.0,81.66,76.43
13.69,26.0,67.01,86.21
17.41,26.0,75.75,67.46
25.05,26.0,56.74,11.54
18.13,26.0,76.62,56.78
24.36,26.0,55.57,16.21
24.84,26.0,45.78,10.55
13.77,26.0,51.43,92.77
21.74,26.0,45.87,44.38
27.35,26.0,82.88,1.23
18.43,26.0,85.0,58.77
12.82,26.0,75.49,93.12
26.77,26.0,49.33,1.62
26.14,26.0,80.96,0.0
20.35,26.0,74.75,42.31
20.84,26.0,58.29,44.59
15.39,26.0,65.09,77.99
25.11,26.0,71.47,6.31
19.98,26.0,45.96,54.23
12.54,26.0,65.06,97.03
22.93,26.0,74.3,26.24
27.21,26.0,52.53,2.07
25.27,26.0,62.75,1.77
16.44,26.0,66.3,76.6
12.85,26.0,74.42,89.93
27.05,26.0,83.58,0.0
26.99,26.0,78.93,0.0
20.52,26.0,69.86,41.4
22.28,26.0,68.35,36.82
19.4,26.0,69.13,58.82
18.72,26.0,66.81,56.4
13.91,26.0,47.37,92.56
13.55,26.0,72.93,89.28
15.72,26.0,73.65,81.61
25.39,26.0,65.5,0.0
14.33,26.0,79.82,84.43
15.63,26.0,71.9,73.89
20.78,26.0,59.51,35.48
15.44,26.0,45.79,80.44
14.61,26.0,47.37,93.33
21.01,26.0,59.07,39.78
17.89,26.0,63.48,65.83
22.02,26.0,51.67,39.45
26.6,26.0,52.57,2.23
14.42,26.0,54.21,87.39
26.61,26.0,76.22,0.0
26.44,26.0,75.85,0.33
25.27,26.0,60.32,11.42
22.1,26.0,51.89,34.84
21.92,26.0,49.44,37.42
22.23,26.0,48.49,34.35
23.05,26.0,60.65,34.54
12.26,26.0,46.82,100.0
27.33,26.0,58.35,0.0
21.37,26.0,83.46,38.07
24.5,26.0,65.3,20.87
18.04,26.0,77.91,56.02
12.2,26.0,50.17,100.0
20.16,26.0,55.72,47.09
20.12,26.0,82.86,46.65
18.99,26.0,60.34,60.33
17.44,26.0,70.94,66.4
16.0,26.0,84.05,76.55
20.44,26.0,67.03,43.08
18.0,26.0,57.21,60.2
27.52,26.0,66.28,0.0
14.77,26.0,47.19,85.75
17.11,26.0,49.49,69.4
16.7,26.0,45.29,70.04
20.69,26.0,80.37,46.69
19.99,26.0,71.85,46.81
22.3,26.0,56.93,37.78
27.2,26.0,53.85,0.0
16.56,26.0,72.32,72.73
23.08,26.0,81.78,27.42
12.4,26.0,56.97,96.24
16.2,26.0,57.86,76.2
19.42,26.0,79.17,57.9
12.5,26.0,80.74,94.81
21.88,26.0,81.56,37.32
22.85,26.0,56.73,31.01
23.95,26.0,49.81,21.22
20.27,26.0,62.6,47.71
21.66,26.0,56.83,39.45
18.34,26.0,80.35,60.75
12.66,26.0,46.47,94.8
13.6,26.0,70.36,90.1
22.48,26.0,81.25,29.28
27.93,26.0,84.07,0.13
12.25,26.0,71.01,100.0
20.92,26.0,83.0,38.15
24.02,26.0,48.03,14.76
25.23,26.0,59.37,11.39
20.72,26.0,45.35,40.38
21.92,26.0,84.25,26.98
23.15,26.0,81.11,28.21
25.74,26.0,46.12,4.02
13.96,26.0,45.73,93.04
26.82,26.0,59.68,1.71
12.42,26.0,55.34,94.5
25.38,26.0,78.88,2.73
13.23,26.0,51.42,94.05
15.11,26.0,76.63,74.42
12.06,26.0,67.18,100.0
19.12,26.0,60.1,53.56
17.35,26.0,50.83,68.94
14.66,26.0,84.91,80.84
19.22,26.0,69.72,54.85
18.44,26.0,62.58,61.28
24.28,26.0,59.85,15.77
26.29,26.0,81.23,0.0
22.44,26.0,77.85,31.24
13.99,26.0,77.45,77.09
16.73,26.0,69.65,72.07
26.61,26.0,80.52,0.34
13.42,26.0,56.97,94.75
18.51,26.0,73.15,53.3
27.08,26.0,61.18,0.0
27.21,26.0,69.0,0.68
18.58,26.0,84.93,58.58
22.68,26.0,84.38,23.38
19.31,26.0,65.5,50.09
24.06,26.0,67.95,20.44
12.51,26.0,80.89,91.64
14.31,26.0,84.43,79.23
21.83,26.0,76.14,38.12
15.72,26.0,47.61,82.9
22.66,26.0,57.91,32.55
17.62,26.0,80.86,65.57
26.19,26.0,75.73,0.57
25.11,26.0,74.69,8.73
19.89,26.0,71.72,46.52
24.37,26.0,61.61,16.8
16.34,26.0,61.13,71.68
19.91,26.0,77.36,46.56
15.16,26.0,56.75,83.89
25.77,26.0,72.39,7.1
25.17,26.0,74.05,10.3
26.43,26.0,78.78,0.0
26.04,26.0,57.8,0.0
27.35,26.0,74.68,0.0
15.65,26.0,49.26,82.27
26.91,26.0,50.52,0.0
21.14,26.0,61.69,40.0
18.76,26.0,47.21,52.93
20.97,26.0,82.91,37.27
17.48,26.0,81.08,58.19
16.62,26.0,46.96,72.22
15.86,26.0,78.53,72.57
13.32,26.0,65.35,92.18
19.95,26.0,73.08,52.59
26.2,26.0,80.48,1.34
22.08,26.0,68.08,27.99
20.34,26.0,49.65,49.89
18.86,26.0,45.1,59.07
19.43,26.0,64.88,52.24
15.35,26.0,82.97,76.34
25.17,26.0,67.9,9.75
15.17,26.0,59.92,78.76
23.47,26.0,46.24,23.63
24.16,26.0,81.6,21.37
21.2,26.0,58.09,38.37
25.81,26.0,73.19,0.0
16.66,26.0,72.77,69.59
26.11,26.0,55.16,0.26
23.67,26.0,47.55,16.5
24.78,26.0,60.4,11.48
22.63,26.0,57.69,35.29
25.54,26.0,73.01,5.25
27.89,26.0,77.79,0.12
18.72,26.0,53.9,51.16
25.02,26.0,66.13,11.92
23.91,26.0,46.62,20.89
19.25,26.0,53.57,52.72
26.83,26.0,75.47,2.18
18.31,26.0,76.74,59.27
21.05,26.0,76.06,36.72
13.7,26.0,50.7,93.34
15.61,26.0,67.04,81.47
25.45,26.0,61.91,5.61
18.34,26.0,84.66,54.47
18.31,26.0,71.16,58.76
15.94,26.0,82.41,75.9
19.87,26.0,50.81,46.7
24.89,26.0,63.03,13.64
26.32,26.0,75.86,0.26
13.12,26.0,59.71,94.98
21.2,26.0,70.3,37.88
19.48,26.0,65.47,50.22
21.83,26.0,84.68,39.66
19.16,26.0,51.95,50.91
18.38,26.0,82.41,59.26
19.55,26.0,61.06,58.22
21.31,26.0,63.72,41.96
20.02,26.0,66.14,43.79
19.55,26.0,55.61,48.21
25.09,26.0,83.55,6.84
23.93,26.0,81.46,19.6
17.46,26.0,83.92,63.99
24.81,26.0,84.88,7.37
25.66,26.0,71.79,1.15
14.46,26.0,63.07,82.37
21.32,26.0,79.03,37.64
16.56,26.0,45.95,81.17
23.83,26.0,78.38,16.71
15.82,26.0,64.89,72.87
22.74,26.0,71.93,24.59
16.08,26.0,59.96,77.58
20.18,26.0,59.74,47.79
27.18,26.0,46.27,1.49
18.1,26.0,61.95,60.58
26.01,26.0,61.33,0.33
27.79,26.0,53.99,0.0
26.0,26.0,54.89,9.46
14.65,26.0,68.37,85.0
25.11,26.0,57.71,9.38
12.51,26.0,78.21,91.98
18.29,26.0,49.46,57.38
25.93,26.0,68.11,3.64
23.02,26.0,51.4,29.95
20.52,26.0,66.13,43.3
18.21,26.0,67.1,64.78
25.0,26.0,70.69,10.59
23.35,26.0,62.1,27.13
19.49,26.0,65.38,53.13
26.28,26.0,52.24,0.0
15.68,26.0,63.52,74.06
14.73,26.0,59.92,83.52
22.28,26.0,71.65,34.9
27.55,26.0,62.39,1.16
15.96,26.0,76.17,75.26
15.99,26.0,62.04,71.82
14.23,26.0,54.43,90.83
25.77,26.0,55.95,4.2
15.62,26.0,46.81,76.14
20.05,26.0,66.6,47.38
27.85,26.0,78.24,0.0
12.19,26.0,75.76,92.29
20.9,26.0,62.51,38.82
20.2,26.0,52.84,48.21
24.92,26.0,79.54,18.47
17.68,26.0,47.27,64.15
18.57,26.0,60.97,60.6
14.69,26.0,79.26,81.96
23.85,26.0,60.73,18.43
24.56,26.0,49.72,15.51
14.19,26.0,55.64,86.61
18.3,26.0,69.0,58.46
26.29,26.0,51.08,0.0
12.04,26.0,71.2,98.42
16.78,26.0,62.53,73.61
20.88,26.0,58.38,43.29
17.35,26.0,54.64,71.64
16.35,26.0,77.93,73.01
19.36,26.0,60.87,53.27
14.9,26.0,74.54,78.3
20.47,26.0,62.61,43.89
23.31,26.0,48.67,20.29
21.2,26.0,62.62,39.48
13.49,26.0,65.31,91.33
25.51,26.0,63.31,11.81
14.8,26.0,77.65,82.48
24.24,26.0,81.43,13.59
17.77,26.0,76.47,57.17
24.52,26.0,68.31,13.95
15.3,26.0,66.66,82.15
14.99,26.0,70.78,79.83
19.95,26.0,56.51,51.72
12.53,26.0,77.47,93.74
15.6,26.0,79.27,77.94
23.58,26.0,55.69,17.29
25.4,26.0,81.11,12.28
13.29,26.0,78.95,85.63
26.11,26.0,61.98,0.61
24.76,26.0,81.36,11.37
25.91,26.0,49.82,0.94
23.17,26.0,46.12,25.78
22.79,26.0,58.91,29.87
20.4,26.0,67.62,47.24
22.44,26.0,59.06,35.27
26.71,26.0,82.68,0.0
13.61,26.0,55.19,93.08
17.05,26.0,56.25,75.55
13.16,26.0,70.39,92.24
27.12,26.0,45.15,1.69
19.12,26.0,74.1,55.15
22.81,26.0,60.1,26.84
25.46,26.0,84.11,6.7
27.86,26.0,72.66,0.1
14.59,26.0,47.09,86.95
24.79,26.0,48.71,14.31
26.2,26.0,48.53,0.0
12.78,26.0,83.1,91.7
24.07,26.0,72.36,8.02
17.68,26.0,62.1,70.53
22.38,26.0,53.02,31.41
20.22,26.0,79.95,42.82
16.16,26.0,53.06,71.97
14.16,26.0,73.27,84.09
13.87,26.0,75.53,84.68
13.65,26.0,56.79,88.77
22.2,26.0,65.2,30.57
17.62,26.0,53.92,67.92
15.47,26.0,60.16,86.39
23.07,26.0,83.61,28.35
22.99,26.0,72.73,30.59
20.63,26.0,78.86,41.76
26.96,26.0,66.62,2.34
18.17,26.0,54.56,63.81
25.37,26.0,73.52,4.7
13.2,26.0,65.02,91.16
23.84,26.0,52.07,23.96
27.82,26.0,61.5,0.53
25.55,26.0,70.39,5.61
21.27,26.0,74.41,34.79
22.03,26.0,54.73,33.94
17.65,26.0,80.04,57.45
22.87,26.0,60.18,28.51
24.33,26.0,55.85,17.64
27.97,26.0,52.8,0.0
19.88,26.0,77.17,49.14
12.98,26.0,59.17,96.57
21.53,26.0,64.34,38.81
13.9,26.0,53.91,86.07
15.92,26.0,72.44,73.65
17.26,26.0,76.24,66.93
23.7,26.0,58.58,27.37
14.94,26.0,82.8,77.97
14.65,26.0,46.22,88.72
12.72,26.0,50.32,100.0
25.97,26.0,68.55,0.0
23.1,26.0,73.06,29.86
12.64,26.0,55.03,100.0
12.45,26.0,67.16,100.0
20.94,26.0,57.74,44.33
16.52,26.0,67.16,79.74
21.55,26.0,71.37,35.13
18.95,26.0,83.91,61.11
26.77,26.0,63.23,0.0
16.6,26.0,70.93,75.09
22.87,26.0,68.12,26.72
12.86,26.0,57.7,99.06
27.29,26.0,55.12,0.05
27.69,26.0,84.51,0.0
23.83,26.0,53.27,20.45
19.44,26.0,76.61,43.76
15.52,26.0,50.86,79.77
25.0,26.0,77.17,7.5
23.78,26.0,52.43,20.65
15.55,26.0,83.69,85.3
19.22,26.0,72.44,59.21
19.4,26.0,48.6,49.43
25.22,26.0,72.73,10.38
22.94,26.0,69.14,30.01
22.29,26.0,58.5,31.57
22.4,26.0,55.43,32.77
16.33,26.0,73.75,72.72
17.95,26.0,74.65,56.57
12.73,26.0,58.09,93.26
24.59,26.0,80.05,14.38
18.93,26.0,55.75,57.35
19.01,26.0,47.79,54.83
15.93,26.0,68.99,72.22
15.35,26.0,49.28,81.43
21.41,26.0,56.07,42.58
15.72,26.0,65.29,76.59
13.03,26.0,56.45,100.0
24.28,26.0,53.6,14.77
18.02,26.0,73.13,61.66
18.08,26.0,66.88,60.12
18.9,26.0,78.59,56.68
25.04,26.0,68.25,7.44
17.13,26.0,64.34,74.66
24.13,26.0,55.45,12.51
27.03,26.0,76.68,0.49
22.57,26.0,52.87,31.27
18.91,26.0,54.69,59.2
23.96,26.0,78.66,23.56
19.33,26.0,74.65,55.25
18.63,26.0,69.51,54.88
20.4,26.0,46.56,49.65
17.08,26.0,50.09,76.72
13.67,26.0,65.0,86.67
18.64,26.0,74.85,64.18
13.98,26.0,63.56,89.44
18.57,26.0,45.69,59.12
20.91,26.0,52.37,40.25
26.89,26.0,68.55,0.62
12.58,26.0,72.77,88.13
21.94,26.0,46.34,34.74
19.32,26.0,46.73,54.32
12.32,26.0,55.45,96.14
15.99,26.0,48.34,80.29
13.9,26.0,66.68,87.3
15.47,26.0,49.95,78.64
16.39,26.0,70.93,70.61
18.42,26.0,76.09,59.28
20.46,26.0,83.82,43.99
12.02,26.0,82.94,93.87
14.59,26.0,55.93,86.0
13.5,26.0,46.18,94.08
20.79,26.0,58.18,39.73
17.27,26.0,73.34,64.84
20.77,26.0,47.39,46.82
15.55,26.0,59.39,80.87
12.39,26.0,56.92,98.41
27.06,26.0,53.77,0.08
13.73,26.0,73.25,84.47
14.03,26.0,71.36,83.1
14.34,26.0,66.42,84.45
27.7,26.0,81.43,1.36
21.88,26.0,49.13,37.03
21.76,26.0,50.99,36.25
27.79,26.0,60.34,1.88
13.42,26.0,71.24,89.2
27.59,26.0,68.36,0.78
15.26,26.0,47.96,80.73
21.97,26.0,83.34,29.89
18.72,26.0,57.2,57.66
18.14,26.0,59.36,61.02
26.9,26.0,69.95,0.09
14.39,26.0,82.81,91.37
27.95,26.0,71.51,0.0
18.07,26.0,83.19,61.09
22.38,26.0,52.5,30.85
27.49,26.0,69.75,0.17
12.92,26.0,78.16,95.48
26.77,26.0,65.36,0.0
21.08,26.0,59.49,37.53
23.27,26.0,84.39,23.08
14.39,26.0,50.64,92.49
20.53,26.0,61.44,43.97
22.78,26.0,79.93,29.3
19.3,26.0,81.02,51.84
14.48,26.0,84.22,86.01
15.91,26.0,80.39,67.85
25.67,26.0,47.04,6.86
12.55,26.0,82.19,92.62
23.34,26.0,62.13,27.74
27.99,26.0,71.06,0.43
12.12,26.0,60.77,100.0
14.58,26.0,77.55,81.65
22.79,26.0,68.04,24.94
12.96,26.0,78.82,87.06
21.44,26.0,52.75,37.48
22.94,26.0,52.4,28.57
21.41,26.0,62.62,36.29
17.84,26.0,45.19,64.53
23.16,26.0,72.71,18.8
21.51,26.0,56.84,37.37
15.32,26.0,67.29,82.65
21.01,26.0,47.8,45.51
26.11,26.0,51.83,0.0
22.67,26.0,69.91,30.07
19.55,26.0,57.23,49.67
17.15,26.0,53.59,74.98
13.37,26.0,54.15,100.0
15.91,26.0,53.59,77.98
12.18,26.0,69.91,100.0
27.79,26.0,51.71,0.0
15.56,26.0,59.51,74.41
25.04,26.0,72.52,7.63
14.7,26.0,65.55,82.5
16.54,26.0,68.89,79.21
18.69,26.0,55.04,57.71
17.19,26.0,82.31,62.11
24.77,26.0,61.56,9.56
27.32,26.0,56.48,0.0
26.0,26.0,81.17,0.13
14.46,26.0,71.21,82.12
24.43,26.0,69.56,8.89
14.37,26.0,80.47,78.84
26.61,26.0,47.34,0.0
20.29,26.0,78.51,47.84
17.38,26.0,72.11,65.49
14.51,26.0,59.4,92.01
12.19,26.0,55.25,100.0
15.97,26.0,49.19,77.59
26.62,26.0,82.64,0.33
24.76,26.0,50.68,11.1
27.52,26.0,55.38,0.0
13.61,26.0,72.64,83.54
21.47,26.0,73.41,32.43
16.11,26.0,51.43,70.38
20.69,26.0,77.57,46.58
17.13,26.0,65.41,62.34
16.54,26.0,78.94,76.52
21.18,26.0,48.49,39.17
14.93,26.0,46.71,90.96
19.51,26.0,70.48,50.2
22.41,26.0,51.0,26.83
14.05,26.0,66.0,91.72
26.89,26.0,45.56,0.83
20.09,26.0,76.2,43.79
25.11,26.0,80.98,8.12
22.46,26.0,78.56,27.05
23.36,26.0,83.33,22.91
23.46,26.0,81.12,23.07
26.0,26.0,62.76,0.0
21.82,26.0,60.93,29.73
16.45,26.0,80.85,67.91
13.59,26.0,82.08,89.63
21.7,26.0,83.91,34.55
13.06,26.0,75.73,90.36
15.86,26.0,53.08,74.57
12.97,26.0,82.8,88.59
20.78,26.0,82.89,46.6
14.57,26.0,71.65,79.09
21.77,26.0,79.29,37.67
24.65,26.0,67.45,13.76
25.15,26.0,82.77,9.77
16.95,26.0,48.76,68.68
20.78,26.0,79.56,40.72
21.01,26.0,47.22,43.08
19.57,26.0,58.56,50.48
22.48,26.0,50.41,32.98
15.36,26.0,64.17,80.92
27.67,26.0,54.29,0.07
13.57,26.0,83.08,88.09
25.27,26.0,67.37,1.41
21.51,26.0,80.91,40.93
15.92,26.0,56.12,76.28
23.93,26.0,46.04,27.48
13.35,26.0,76.03,94.86
24.39,26.0,73.1,13.88
21.44,26.0,66.82,40.93
13.77,26.0,77.61,84.81
13.27,26.0,78.6,89.72
24.01,26.0,68.52,21.25
16.69,26.0,83.64,71.98
26.23,26.0,73.79,0.0
24.19,26.0,72.08,17.56
23.17,26.0,59.46,34.66
16.46,26.0,45.09,73.79
23.34,26.0,54.64,19.23
27.17,26.0,75.56,0.32
13.46,26.0,73.39,94.66
17.22,26.0,58.24,67.91
15.75,26.0,70.02,76.48
18.29,26.0,52.81,59.78
23.88,26.0,55.55,18.92
19.59,26.0,82.9,46.89
21.13,26.0,61.53,42.68
17.03,26.0,54.8,69.58
14.26,26.0,64.48,87.71
16.27,26.0,60.48,75.24
25.75,26.0,74.18,1.66
21.64,26.0,83.48,30.63
18.05,26.0,68.67,55.97
24.64,26.0,68.65,24.29
13.03,26.0,59.59,99.89
16.06,26.0,67.59,79.03
15.68,26.0,57.77,75.91
27.77,26.0,45.04,0.0
23.3,26.0,79.64,21.13
21.88,26.0,62.18,30.93
12.08,26.0,64.68,97.52
14.95,26.0,48.34,89.15
22.17,26.0,78.48,35.28
18.08,26.0,51.81,59.88
26.79,26.0,61.42,0.96
24.24,26.0,78.61,19.35
19.16,26.0,63.31,52.6
23.99,26.0,82.25,18.81
27.61,26.0,53.37,0.0
19.38,26.0,73.61,53.39
22.28,26.0,84.12,32.06
26.7,26.0,66.98,0.03
15.98,26.0,72.69,72.18
26.18,26.0,60.73,0.66
13.56,26.0,75.05,83.16
22.38,26.0,81.35,30.27
24.53,26.0,73.12,17.38
21.83,26.0,82.44,29.62
19.93,26.0,68.55,49.76
21.88,26.0,68.09,37.9
14.43,26.0,57.19,79.96
15.45,26.0,73.39,76.36
16.32,26.0,80.28,76.62
21.56,26.0,70.85,39.14
19.07,26.0,54.32,49.63
15.91,26.0,66.76,77.73
26.12,26.0,75.24,0.0
17.98,26.0,82.57,62.49
19.14,26.0,51.26,53.64
18.56,26.0,50.1,60.02
14.91,26.0,61.52,80.71
23.71,26.0,50.02,22.15
19.18,26.0,84.22,50.22
12.26,26.0,61.97,98.23
27.42,26.0,66.34,0.63
25.05,26.0,54.08,12.08
23.58,26.0,62.97,23.22
25.91,26.0,84.39,0.0
26.51,26.0,64.55,1.63
17.4,26.0,45.35,68.07
21.78,26.0,54.7,37.43
21.74,26.0,84.14,37.65
16.28,26.0,84.56,71.63
15.55,26.0,53.42,83.87
13.82,26.0,69.61,86.98
22.55,26.0,48.08,35.06
24.49,26.0,68.1,15.36
24.18,26.0,50.04,20.0
17.06,26.0,77.75,67.97
15.28,26.0,82.58,81.21
19.26,26.0,51.92,57.67
20.75,26.0,63.51,42.03
26.71,26.0,49.08,0.0
26.0,26.0,58.57,0.0
26.66,26.0,47.6,0.0
25.6,26.0,55.58,1.23
27.43,26.0,84.61,0.61
19.45,26.0,46.78,48.93
12.76,26.0,79.36,99.58
13.34,26.0,48.1,92.63
18.24,26.0,66.16,67.05
16.12,26.0,63.08,76.04
14.72,26.0,82.26,80.18
27.25,26.0,52.96,0.0
15.13,26.0,52.19,82.75
27.35,26.0,74.95,0.11
24.17,26.0,74.03,22.84
22.26,26.0,72.97,33.04
22.82,26.0,46.05,25.45
17.3,26.0,55.4,64.65
22.34,26.0,78.6,28.1
14.99,26.0,69.03,85.36
27.0,26.0,69.09,0.41
16.83,26.0,56.84,71.63
16.08,26.0,55.41,74.97
23.38,26.0,82.86,28.63
22.5,26.0,74.11,26.77
19.22,26.0,50.07,55.78
22.12,26.0,82.51,34.05
14.55,26.0,68.29,80.7
22.77,26.0,58.33,26.88
16.33,26.0,60.89,71.12
16.37,26.0,74.02,76.43
14.59,26.0,60.05,91.54
17.32,26.0,68.15,66.6
17.3,26.0,73.42,64.68
19.27,26.0,52.81,52.88
15.05,26.0,82.77,78.29
15.09,26.0,59.25,79.92
20.67,26.0,61.77,43.97
14.06,26.0,72.94,87.39
23.02,26.0,69.35,25.18
27.1,26.0,62.6,2.13
18.83,26.0,70.99,55.3
26.42,26.0,81.11,0.0
13.57,26.0,77.01,86.65
12.69,26.0,77.97,95.99
23.54,26.0,55.34,17.04
24.18,26.0,61.78,23.31
25.49,26.0,67.15,6.45
12.91,26.0,46.77,100.0
24.43,26.0,75.79,17.77
18.02,26.0,57.94,60.38
16.85,26.0,56.3,67.65
14.77,26.0,55.37,80.91
27.94,26.0,56.34,0.88
13.02,26.0,58.52,97.44
25.23,26.0,69.19,6.36
22.23,26.0,68.34,34.68
23.76,26.0,55.23,13.18
23.39,26.0,53.26,23.22
25.73,26.0,78.05,7.43
14.94,26.0,48.71,83.91
12.01,26.0,65.51,96.92
21.58,26.0,65.82,35.2
17.66,26.0,67.97,53.39
13.98,26.0,80.43,81.59
14.98,26.0,69.96,84.49
17.31,26.0,83.95,62.12
13.12,26.0,79.85,88.74
12.91,26.0,53.59,88.44
26.66,26.0,54.65,0.0
16.99,26.0,58.79,73.75
27.72,26.0,60.66,0.0
27.43,26.0,67.12,0.52
14.28,26.0,54.3,85.6
23.44,26.0,53.89,24.03
21.61,26.0,60.26,33.46
23.05,26.0,71.88,19.23
13.54,26.0,72.53,88.65
15.02,26.0,84.04,80.26
13.23,26.0,53.1,96.78
21.67,26.0,60.71,40.29
27.79,26.0,83.59,2.43
22.75,26.0,72.6,28.65
23.37,26.0,68.69,23.01
27.75,26.0,66.59,1.04
22.85,26.0,48.02,28.37
12.64,26.0,80.73,90.75
25.87,26.0,70.02,0.0
17.83,26.0,67.87,66.94
12.07,26.0,66.58,100.0
20.12,26.0,60.68,43.09
26.99,26.0,55.19,0.0
16.12,26.0,75.21,71.29
19.86,26.0,65.38,48.1
14.78,26.0,46.36,83.25
12.92,26.0,60.96,97.01
13.29,26.0,82.14,86.16
23.63,26.0,59.96,18.46
25.83,26.0,61.53,6.39
14.29,26.0,69.96,84.42
16.61,26.0,77.07,68.96
15.12,26.0,71.74,82.04
12.43,26.0,79.0,92.32
20.85,26.0,49.56,42.38
23.2,26.0,81.98,25.68
22.37,26.0,81.16,25.36
18.21,26.0,65.77,61.45
20.88,26.0,69.99,39.46
13.51,26.0,53.51,95.86
14.47,26.0,62.92,87.06
26.91,26.0,53.11,0.0
24.18,26.0,45.88,12.67
26.76,26.0,84.24,1.33
26.67,26.0,55.37,0.0
22.39,26.0,68.72,31.23
26.85,26.0,57.01,0.25
18.67,26.0,59.82,52.92
12.06,26.0,60.91,100.0
13.0,26.0,58.4,96.42
13.75,26.0,70.5,87.04
13.53,26.0,83.44,84.13
17.63,26.0,62.15,61.17
23.22,26.0,83.93,25.05
24.65,26.0,71.71,12.31
21.44,26.0,69.29,43.6
14.34,26.0,54.48,86.74
23.97,26.0,47.52,20.28
17.68,26.0,79.08,57.6
12.21,26.0,67.96,96.89
16.49,26.0,61.58,73.1
17.29,26.0,77.48,63.84
16.39,26.0,57.42,72.04
24.99,26.0,76.34,11.6
24.16,26.0,58.12,23.38
23.13,26.0,81.84,25.64
14.22,26.0,55.72,91.93
24.93,26.0,50.5,13.78
22.83,26.0,72.92,31.6
15.12,26.0,51.51,80.77
22.37,26.0,82.97,29.89
19.74,26.0,71.22,49.14
19.03,26.0,54.23,58.38
13.79,26.0,53.35,93.84
20.29,26.0,81.96,45.49
13.6,26.0,69.31,92.5
14.63,26.0,80.75,79.19
14.12,26.0,49.41,92.78
27.27,26.0,82.02,0.35
16.56,26.0,65.8,73.81
17.68,26.0,71.74,63.84
17.15,26.0,59.92,70.88
26.37,26.0,47.37,0.48
21.01,26.0,83.32,40.8
26.71,26.0,84.78,0.0
16.8,26.0,59.58,66.1
13.84,26.0,82.75,87.24
20.9,26.0,51.71,39.15
17.53,26.0,51.19,65.55
24.83,26.0,47.92,12.68
26.07,26.0,60.65,1.26
19.56,26.0,47.09,53.81
27.54,26.0,60.79,0.0
20.85,26.0,50.54,41.12
16.33,26.0,74.22,73.63
19.82,26.0,78.33,45.87
12.6,26.0,72.51,100.0
24.86,26.0,53.02,11.73
13.62,26.0,75.67,84.03
16.94,26.0,54.98,67.02
21.05,26.0,75.38,44.52
12.69,26.0,67.7,93.86
13.27,26.0,59.67,88.45
23.14,26.0,48.34,29.79
13.15,26.0,78.1,89.09
19.63,26.0,82.59,51.67
17.42,26.0,71.64,68.36
15.65,26.0,83.58,75.45
15.02,26.0,82.36,86.9
24.21,26.0,52.78,11.76
27.22,26.0,74.25,0.0
14.24,26.0,58.97,86.35
27.35,26.0,64.5,0.22
21.52,26.0,51.28,45.33
22.27,26.0,83.99,35.79
23.36,26.0,74.05,21.01
23.27,26.0,55.68,23.04
25.12,26.0,59.86,6.75
19.74,26.0,61.9,48.05
20.53,26.0,74.9,49.29
17.18,26.0,82.03,64.36
13.68,26.0,57.86,90.57
22.63,26.0,63.9,32.55
12.54,26.0,68.73,90.18
16.41,26.0,60.73,73.3
13.51,26.0,65.17,86.9
15.05,26.0,49.23,82.67
22.22,26.0,51.71,31.68
22.06,26.0,61.04,32.11
18.74,26.0,81.6,56.14
13.44,26.0,58.97,93.04
18.93,26.0,54.99,56.27
17.64,26.0,74.71,64.53
23.53,26.0,82.97,19.04
21.26,26.0,63.36,42.31
19.87,26.0,45.34,50.82
19.79,26.0,72.53,47.65
27.46,26.0,61.6,0.48
24.1,26.0,71.95,17.21
19.95,26.0,56.11,56.42
19.67,26.0,45.1,52.75
12.42,26.0,58.78,94.63
27.08,26.0,73.19,0.81
17.11,26.0,60.72,66.93
16.1,26.0,53.77,77.19
27.99,26.0,63.56,0.95
23.5,26.0,75.09,27.15
12.76,26.0,49.78,96.22
12.99,26.0,72.67,97.41
12.41,26.0,71.69,92.54
21.59,26.0,59.83,36.79
13.15,26.0,83.81,94.4
26.93,26.0,80.79,0.84
26.99,26.0,57.65,0.0
20.74,26.0,46.24,44.23
21.87,26.0,57.33,36.9
16.67,26.0,53.19,79.16
13.02,26.0,66.89,88.1
23.8,26.0,81.75,14.32
13.63,26.0,79.81,84.57
13.37,26.0,57.23,95.9
16.98,26.0,62.14,63.58
12.2,26.0,46.46,100.0
18.94,26.0,66.77,57.5
23.32,26.0,47.53,32.41
24.82,26.0,82.54,15.43
21.67,26.0,79.68,37.08
25.55,26.0,53.57,10.26
18.5,26.0,72.97,59.75
25.58,26.0,67.72,3.43
20.1,26.0,77.05,42.79
15.57,26.0,64.03,76.03
27.11,26.0,52.67,1.0
16.4,26.0,70.59,72.37
12.42,26.0,48.21,93.25
15.88,26.0,68.38,74.59
17.87,26.0,53.51,64.57
17.62,26.0,72.4,65.6
20.39,26.0,78.12,50.42
26.13,26.0,49.38,1.66
16.68,26.0,61.01,68.16
20.33,26.0,74.34,39.13
17.44,26.0,51.55,69.99
25.15,26.0,67.66,6.17
14.52,26.0,71.87,86.34
13.66,26.0,59.19,95.79
20.05,26.0,78.28,41.65
22.75,26.0,65.43,30.81
24.73,26.0,70.08,17.41
21.43,26.0,50.63,43.26
24.38,26.0,45.93,9.25
18.28,26.0,47.03,59.45
12.53,26.0,81.16,89.19
13.86,26.0,80.31,87.72
12.62,26.0,77.3,95.3
17.26,26.0,52.98,59.15
19.93,26.0,66.02,48.01
17.7,26.0,76.84,65.4
20.97,26.0,71.99,41.83
19.69,26.0,49.62,52.87
22.85,26.0,80.82,26.0
22.67,26.0,51.43,26.59
17.09,26.0,51.87,69.84
17.54,26.0,81.04,63.27
21.36,26.0,64.38,41.3
21.54,26.0,59.92,40.62
17.04,26.0,67.15,68.47
17.29,26.0,84.26,68.09
23.1,26.0,49.79,25.68
22.36,26.0,75.28,26.12
14.16,26.0,58.37,89.54
19.06,26.0,49.68,57.23
26.28,26.0,61.88,0.0
12.58,26.0,66.95,91.66
25.68,26.0,53.24,10.36
14.61,26.0,61.21,87.03
20.12,26.0,70.43,46.34
18.79,26.0,68.06,53.27
12.16,26.0,73.93,100.0
26.65,26.0,78.46,0.0
19.28,26.0,61.37,61.9
27.27,26.0,61.92,0.0
16.59,26.0,64.87,77.4
25.86,26.0,67.65,1.33
26.76,26.0,49.33,0.27
20.91,26.0,57.51,40.38
15.24,26.0,51.88,82.1
22.96,26.0,60.43,30.34
20.78,26.0,83.93,43.89
27.11,26.0,68.31,0.91
19.03,26.0,62.18,53.89
16.3,26.0,67.64,73.14
14.21,26.0,71.76,89.6
23.18,26.0,62.4,23.29
27.59,26.0,62.91,0.0
12.45,26.0,73.06,94.91
23.85,26.0,47.43,21.8
26.83,26.0,66.6,0.28
13.2,26.0,66.89,89.58
13.76,26.0,75.27,86.45
23.07,26.0,84.31,25.94
22.37,26.0,76.83,30.66
13.1,26.0,65.15,98.75
25.35,26.0,51.78,11.08
20.37,26.0,68.53,46.76
26.52,26.0,78.37,0.0
26.05,26.0,82.3,0.0
25.0,26.0,78.01,17.24
20.25,26.0,52.56,44.54
16.03,26.0,73.5,74.08
20.1,26.0,80.21,47.81
13.61,26.0,72.24,87.72
22.54,26.0,72.43,26.51
14.14,26.0,65.01,84.08
20.18,26.0,70.48,45.0
12.87,26.0,56.78,93.77
16.79,26.0,48.55,76.99
15.71,26.0,78.11,74.9
21.92,26.0,82.73,31.98
24.59,26.0,79.27,14.19
12.92,26.0,58.36,98.0
25.6,26.0,48.74,3.77
25.77,26.0,56.21,6.23
17.48,26.0,78.71,59.34
22.54,26.0,71.23,34.17
18.44,26.0,83.67,56.97
14.47,26.0,58.71,85.71
20.46,26.0,67.06,42.87
13.38,26.0,76.6,85.12
26.06,26.0,54.36,0.86
26.79,26.0,83.56,0.0
25.15,26.0,68.7,11.27
21.0,26.0,45.32,39.95
20.92,26.0,46.01,38.42
27.75,26.0,80.29,0.0
15.97,26.0,70.81,73.12
13.22,26.0,75.52,89.41
20.99,26.0,76.36,40.34
17.26,26.0,61.82,71.04
17.16,26.0,76.94,70.42
12.11,26.0,82.5,100.0
21.54,26.0,51.89,33.13
16.22,26.0,75.57,69.14
15.01,26.0,57.31,85.13
12.65,26.0,57.86,95.84
17.83,26.0,61.51,66.72
26.06,26.0,79.55,1.19
17.39,26.0,45.88,74.23
22.87,26.0,62.36,31.82
24.1,26.0,72.2,21.72
17.25,26.0,49.42,67.72
25.15,26.0,76.69,8.72
23.07,26.0,82.68,24.46
20.95,26.0,48.64,38.15
12.02,26.0,51.12,100.0
12.56,26.0,83.96,95.53
27.85,26.0,52.91,0.0
24.52,26.0,48.16,19.9
27.0,26.0,83.09,0.98
26.44,26.0,80.7,0.0
12.33,26.0,71.23,100.0
24.67,26.0,67.06,9.0
19.22,26.0,81.77,51.51
24.63,26.0,71.22,14.39
12.11,26.0,71.34,99.44
16.61,26.0,78.75,72.22
24.02,26.0,71.13,20.76
24.69,26.0,65.15,15.28
21.92,26.0,60.59,32.64
16.82,26.0,65.13,70.87
16.97,26.0,65.9,63.52
27.47,26.0,59.43,0.0
19.03,26.0,62.92,50.61
19.15,26.0,77.07,51.91
20.84,26.0,61.66,38.5
18.55,26.0,46.02,58.15
20.84,26.0,56.32,43.58
18.92,26.0,54.27,55.39
25.23,26.0,76.74,12.33
26.54,26.0,62.97,0.3
26.91,26.0,56.21,0.74
21.03,26.0,77.43,39.98
19.07,26.0,45.77,61.36
23.28,26.0,51.97,28.64
25.41,26.0,78.08,2.58
21.01,26.0,67.03,39.07
23.2,26.0,75.95,26.57
24.0,26.0,78.53,19.88
22.82,26.0,82.68,23.67
23.94,26.0,47.54,22.94
15.34,26.0,76.97,74.31
19.97,26.0,73.35,52.59
21.41,26.0,53.28,41.5
12.04,26.0,82.27,92.35
25.7,26.0,61.17,2.04
21.76,26.0,80.5,33.19
14.07,26.0,69.2,87.13
25.06,26.0,66.07,9.32
23.47,26.0,51.38,19.96
24.13,26.0,81.57,12.56
18.27,26.0,67.27,61.99
25.67,26.0,45.24,5.33
18.62,26.0,45.73,60.6
21.13,26.0,76.11,40.81
12.01,26.0,51.48,100.0
22.32,26.0,68.95,32.52
23.49,26.0,72.24,31.74
21.07,26.0,56.17,45.99
19.94,26.0,67.77,47.76
24.96,26.0,54.61,9.38
22.9,26.0,82.85,16.74
16.45,26.0,79.41,73.91
27.35,26.0,56.52,1.67
23.32,26.0,66.15,22.6
27.81,26.0,65.03,0.0
27.54,26.0,83.4,1.03
26.7,26.0,60.76,0.09
24.09,26.0,67.49,18.02
21.75,26.0,82.15,37.47
14.75,26.0,51.51,85.55
20.69,26.0,67.02,47.05
24.25,26.0,49.23,18.94
20.33,26.0,69.7,48.82
25.89,26.0,59.63,0.0
13.75,26.0,83.71,81.58
18.1,26.0,61.62,60.66
20.1,26.0,50.45,53.18
18.92,26.0,78.36,61.12
13.74,26.0,77.83,86.48
14.46,26.0,72.79,81.41
25.4,26.0,74.95,0.0
19.75,26.0,55.59,54.35
12.78,26.0,70.68,92.24
12.26,26.0,46.52,100.0
19.58,26.0,52.88,50.24
14.63,26.0,82.29,88.26
23.28,26.0,74.57,26.97
24.73,26.0,54.23,9.73
15.65,26.0,49.46,80.55
21.47,26.0,82.96,39.61
14.47,26.0,49.49,86.63
16.86,26.0,55.28,73.9
26.22,26.0,52.31,0.87
20.71,26.0,45.3,47.57
26.17,26.0,57.57,1.38
15.6,26.0,83.97,70.59
17.28,26.0,58.68,67.44
19.54,26.0,65.17,52.45
19.68,26.0,74.84,43.29
27.96,26.0,67.04,0.0
13.83,26.0,74.74,86.7
25.63,26.0,71.47,0.0
25.82,26.0,69.34,1.3
20.85,26.0,70.99,41.13
17.5,26.0,76.97,70.59
20.31,26.0,73.41,46.52
16.68,26.0,76.67,72.74
24.79,26.0,50.82,12.46
19.97,26.0,72.11,41.6
26.81,26.0,74.48,0.66
21.96,26.0,57.0,33.0
20.23,26.0,79.98,44.5
23.38,26.0,57.19,20.78
20.06,26.0,54.75,49.47
26.47,26.0,79.68,0.0
14.95,26.0,54.88,86.69
27.57,26.0,61.62,2.07
25.0,26.0,59.72,16.82
25.77,26.0,80.92,0.0
19.73,26.0,63.21,46.55
25.4,26.0,72.77,0.48
16.91,26.0,76.76,69.87
24.19,26.0,70.12,14.96
14.25,26.0,82.75,81.41
16.91,26.0,77.1,66.82
19.13,26.0,61.01,56.36
17.16,26.0,83.03,60.03
18.19,26.0,65.98,56.35
25.12,26.0,45.9,9.87
16.11,26.0,55.4,80.07
23.92,26.0,69.87,19.46
13.18,26.0,51.27,92.57
24.25,26.0,68.36,9.43
24.67,26.0,59.46,16.99
18.43,26.0,66.38,56.58
23.56,26.0,45.07,19.54
26.64,26.0,78.94,0.0
24.81,26.0,59.48,7.39
18.25,26.0,50.61,58.89
19.75,26.0,62.52,49.82
24.47,26.0,64.45,11.02
16.68,26.0,70.5,70.62
24.86,26.0,65.98,10.96
17.25,26.0,46.74,77.3
24.9,26.0,79.86,5.24
13.39,26.0,63.26,92.39
12.71,26.0,48.08,99.52
27.96,26.0,75.91,0.1
25.91,26.0,71.41,1.67
26.13,26.0,70.98,0.58
27.22,26.0,62.08,2.29
19.01,26.0,61.42,60.63
16.59,26.0,66.45,63.52
14.08,26.0,47.02,87.41
20.02,26.0,56.96,54.48
15.52,26.0,84.52,78.32
26.97,26.0,71.49,0.0
12.06,26.0,61.76,100.0
14.29,26.0,53.89,81.11
15.94,26.0,74.81,76.79
15.18,26.0,55.41,85.58
15.61,26.0,51.49,77.38
22.5,26.0,51.18,40.86
17.24,26.0,74.17,66.59
21.84,26.0,70.71,27.56
26.24,26.0,47.79,0.0
21.64,26.0,49.6,35.71
23.11,26.0,70.35,29.93
17.85,26.0,67.84,64.71
14.56,26.0,72.44,80.91
17.13,26.0,52.12,74.86
27.43,26.0,74.06,0.79
21.95,26.0,82.44,30.74
16.44,26.0,69.04,71.19
19.21,26.0,52.85,57.15
25.37,26.0,72.18,5.8
22.7,26.0,58.72,28.51
20.97,26.0,46.97,43.53
26.16,26.0,57.09,0.0
22.76,26.0,81.22,20.08
22.28,26.0,61.45,33.46
15.04,26.0,79.59,71.91
13.7,26.0,65.35,86.03
27.44,26.0,65.68,0.0
21.58,26.0,45.21,33.23
18.65,26.0,70.48,58.68
21.42,26.0,49.31,39.09
12.99,26.0,64.15,93.22
25.15,26.0,55.41,4.78
15.47,26.0,60.7,76.9
24.87,26.0,66.48,13.03
20.55,26.0,45.58,46.41
16.43,26.0,56.38,76.53
12.48,26.0,84.58,96.63
25.05,26.0,47.3,9.6
14.82,26.0,57.78,77.29
12.83,26.0,57.86,93.65
24.09,26.0,60.18,18.2
17.6,26.0,72.39,61.1
18.23,26.0,54.91,58.16
15.95,26.0,63.41,75.91
25.75,26.0,70.79,11.77
16.76,26.0,57.89,69.55
15.36,26.0,82.95,76.32
16.95,26.0,84.19,61.79
15.25,26.0,49.79,86.67
17.08,26.0,58.75,72.07
13.33,26.0,53.32,96.85
14.54,26.0,52.47,91.25
18.67,26.0,64.64,56.22
26.07,26.0,67.55,0.0
12.92,26.0,62.03,100.0
15.4,26.0,55.9,82.57
26.53,26.0,56.14,0.39
26.24,26.0,84.69,0.0
22.87,26.0,81.95,25.0
15.85,26.0,48.04,81.82
18.72,26.0,71.26,58.09
15.38,26.0,63.28,73.25
14.06,26.0,72.55,86.98
18.08,26.0,68.88,61.88
21.21,26.0,80.57,40.19
17.76,26.0,47.68,67.96
21.77,26.0,58.98,41.8
16.74,26.0,84.42,69.09
17.53,26.0,52.29,66.95
24.65,26.0,50.09,18.11
26.05,26.0,74.16,1.61
17.15,26.0,76.1,69.4
21.14,26.0,71.89,40.82
16.45,26.0,76.05,72.16
12.85,26.0,72.75,94.22
23.81,26.0,50.43,21.36
14.74,26.0,69.33,89.98
18.81,26.0,76.08,52.87
19.79,26.0,79.62,52.67
14.95,26.0,54.85,82.99
13.51,26.0,50.1,88.26
17.57,26.0,76.24,62.87
27.24,26.0,55.26,0.0
21.84,26.0,46.28,38.99
18.1,26.0,78.01,60.19
12.62,26.0,65.24,92.58
21.6,26.0,58.07,43.02
13.48,26.0,45.46,98.33
20.68,26.0,46.41,51.11
24.03,26.0,76.7,19.26
18.78,26.0,64.59,56.9
16.79,26.0,50.99,74.47
12.76,26.0,59.34,94.44
12.4,26.0,51.61,100.0
18.88,26.0,49.52,57.41
26.13,26.0,56.05,0.0
15.91,26.0,66.98,75.88
21.18,26.0,53.4,39.76
22.95,26.0,58.75,26.88
12.97,26.0,64.12,95.5
14.45,26.0,61.8,89.91
17.3,26.0,50.15,65.75
22.72,26.0,46.55,29.01
19.02,26.0,46.42,54.69
23.75,26.0,59.01,18.51
25.88,26.0,73.75,0.0
24.13,26.0,50.25,17.88
27.88,26.0,76.48,0.19
24.07,26.0,73.63,19.36
25.63,26.0,45.16,0.99
25.32,26.0,46.07,12.49
23.68,26.0,52.8,25.5
24.83,26.0,47.24,9.41
26.95,26.0,66.25,0.0
19.6,26.0,46.59,54.42
22.21,26.0,77.11,31.57
20.24,26.0,64.72,48.29
25.62,26.0,74.12,4.52
18.9,26.0,75.03,56.92
25.12,26.0,65.27,10.21
24.79,26.0,82.01,10.88
27.39,26.0,84.61,0.27
15.98,26.0,59.37,77.93
23.35,26.0,50.03,23.68
24.11,26.0,59.53,21.15
26.98,26.0,53.93,0.0
26.51,26.0,66.24,0.96
21.18,26.0,60.14,44.4
21.27,26.0,64.22,40.56
14.68,26.0,75.53,82.31
27.6,26.0,55.96,0.0
16.08,26.0,66.5,80.28
23.6,26.0,58.41,20.17
24.73,26.0,76.4,11.55
19.06,26.0,70.58,50.13
15.38,26.0,45.34,84.73
15.02,26.0,71.4,78.24
25.7,26.0,51.81,2.23
20.17,26.0,73.98,44.81
13.44,26.0,67.69,90.9
23.47,26.0,61.06,19.15
16.0,26.0,72.76,66.09
26.02,26.0,79.26,0.0
16.95,26.0,76.15,60.06
15.2,26.0,66.82,82.88
13.36,26.0,73.91,95.52
20.18,26.0,61.56,47.14
19.21,26.0,76.56,57.35
24.02,26.0,78.16,18.37
19.43,26.0,50.49,59.67
17.5,26.0,54.52,65.2
16.19,26.0,55.8,67.02
16.45,26.0,51.64,73.89
26.85,26.0,60.7,0.0
14.64,26.0,52.72,87.65
27.81,26.0,68.82,0.22
17.23,26.0,49.06,70.48
13.41,26.0,55.8,96.43
15.98,26.0,71.62,73.96
12.93,26.0,60.94,100.0
24.64,26.0,61.86,12.05
20.2,26.0,76.92,49.66
17.39,26.0,84.38,66.24
22.59,26.0,67.6,27.48
22.09,26.0,48.16,33.47
27.04,26.0,49.12,0.95
27.38,26.0,83.74,0.2
22.89,26.0,72.17,28.62
25.09,26.0,75.1,3.91
24.68,26.0,72.03,15.55
19.86,26.0,52.18,51.9
23.27,26.0,62.93,24.79
13.25,26.0,76.92,91.41
24.13,26.0,79.65,16.12
27.39,26.0,54.49,0.2
13.36,26.0,68.84,90.13
25.38,26.0,51.28,5.66
26.93,26.0,83.33,0.62
15.62,26.0,55.09,82.28
20.4,26.0,74.07,41.69
26.85,26.0,54.24,0.0
27.36,26.0,69.64,0.0
14.05,26.0,71.37,86.42
17.58,26.0,58.14,68.91
23.17,26.0,77.75,18.14
15.54,26.0,80.41,74.79
17.2,26.0,79.2,63.49
12.37,26.0,58.23,99.77
14.46,26.0,74.77,84.51
21.0,26.0,67.38,41.23
22.45,26.0,68.71,30.49
22.38,26.0,64.1,35.44
24.45,26.0,69.01,16.3
18.64,26.0,50.43,59.7
16.38,26.0,61.35,73.77
12.25,26.0,52.11,100.0
15.31,26.0,56.2,81.54
17.0,26.0,50.11,68.95
14.85,26.0,53.5,77.61
12.32,26.0,76.28,90.81
14.52,26.0,66.99,82.51
22.66,26.0,45.95,30.35
22.07,26.0,76.54,31.21
26.97,26.0,81.38,1.35
24.77,26.0,80.22,10.27
21.08,26.0,77.92,36.82
14.2,26.0,84.69,85.21
21.03,26.0,68.46,46.01
12.99,26.0,83.5,86.63
18.89,26.0,82.95,55.03
18.24,26.0,57.53,54.77
18.85,26.0,79.54,49.72
16.48,26.0,76.7,68.32
22.97,26.0,76.03,30.57
25.46,26.0,80.85,3.41
24.3,26.0,60.37,13.99
22.04,26.0,61.0,34.55
20.61,26.0,70.6,44.03
12.5,26.0,74.51,92.38
23.57,26.0,80.19,28.86
20.72,26.0,80.03,41.42
16.33,26.0,73.85,72.11
17.25,26.0,83.28,63.24
26.97,26.0,52.15,0.0
21.99,26.0,83.01,37.63
19.61,26.0,47.57,58.92
21.93,26.0,67.22,32.13
18.62,26.0,48.61,63.78
19.52,26.0,67.72,53.58
16.64,26.0,60.6,75.02
19.04,26.0,48.26,56.75
22.97,26.0,70.92,26.25
12.64,26.0,74.25,97.6
24.72,26.0,51.97,16.77
16.53,26.0,72.78,76.11
22.92,26.0,52.16,29.01
22.28,26.0,50.5,32.95
22.44,26.0,50.89,23.48
21.73,26.0,68.96,30.52
27.35,26.0,76.15,0.0
20.13,26.0,68.88,43.52
23.72,26.0,77.37,23.72
23.29,26.0,68.66,20.02
15.78,26.0,76.89,72.95
16.53,26.0,84.06,67.36
18.78,26.0,60.64,61.64
16.44,26.0,51.0,72.18
17.87,26.0,50.42,66.44
18.26,26.0,68.9,60.67
21.66,26.0,66.88,39.96
15.52,26.0,52.37,83.14
24.87,26.0,80.28,11.31
19.0,26.0,83.27,47.51
23.3,26.0,55.13,24.36
13.3,26.0,53.28,94.12
19.52,26.0,53.56,54.15
12.45,26.0,60.5,95.55
22.81,26.0,79.13,31.6
17.5,26.0,68.84,64.98
27.19,26.0,47.7,0.0
17.19,26.0,63.92,66.02
21.02,26.0,48.61,49.64
16.12,26.0,61.25,77.25
21.92,26.0,61.14,38.99
19.47,26.0,70.93,48.01
17.93,26.0,66.98,59.95
15.26,26.0,79.99,75.05
13.78,26.0,45.65,93.15
13.92,26.0,75.96,85.69
27.98,26.0,45.91,1.33
18.6,26.0,57.17,57.82
12.03,26.0,80.19,94.0
27.25,26.0,72.62,0.0
12.32,26.0,51.88,100.0
18.7,26.0,64.63,52.26
23.48,26.0,73.88,24.08
26.63,26.0,82.49,0.0
23.41,26.0,70.37,22.96
19.42,26.0,45.99,52.8
27.59,26.0,64.99,0.0
12.63,26.0,51.12,95.39
27.79,26.0,46.91,0.0
25.59,26.0,68.94,1.29
26.86,26.0,76.08,0.0
16.08,26.0,46.44,76.88
14.28,26.0,76.34,79.61
22.61,26.0,73.26,29.4
20.25,26.0,75.08,49.87
20.37,26.0,54.79,53.53
26.79,26.0,60.74,0.0
21.92,26.0,49.79,39.69
16.98,26.0,54.56,71.67
18.4,26.0,57.11,59.09
14.14,26.0,57.78,81.39
15.08,26.0,52.0,88.78
14.29,26.0,52.55,84.36
24.96,26.0,81.06,15.42
23.28,26.0,76.36,26.17
20.49,26.0,58.78,42.44
17.99,26.0,82.91,61.08
22.7,26.0,54.56,37.39
25.01,26.0,61.27,16.01
26.1,26.0,77.54,0.27
20.75,26.0,62.72,41.13
25.12,26.0,54.39,10.09
20.18,26.0,59.74,47.33
19.59,26.0,65.03,55.66
25.85,26.0,69.83,4.72
18.18,26.0,61.22,55.48
18.33,26.0,62.25,61.86
16.88,26.0,55.56,70.16
20.3,26.0,66.41,46.59
20.72,26.0,53.78,45.52
22.57,26.0,79.7,33.58
18.89,26.0,74.89,58.54
15.49,26.0,61.41,76.34
25.87,26.0,74.89,1.64
17.54,26.0,45.28,66.2
26.77,26.0,58.78,2.14
15.32,26.0,62.61,79.46
20.96,26.0,63.79,48.51
20.59,26.0,74.95,37.72
25.26,26.0,83.51,7.84
14.22,26.0,60.2,86.97
26.56,26.0,59.02,0.49
20.5,26.0,69.42,41.41
21.38,26.0,56.25,34.68
20.16,26.0,50.65,44.08
12.58,26.0,83.46,97.59
19.95,26.0,77.38,44.33
16.22,26.0,83.34,69.29
17.48,26.0,53.71,74.39
22.39,26.0,45.71,30.28
19.96,26.0,62.49,50.36
13.49,26.0,82.34,91.44
13.17,26.0,50.53,99.1
14.97,26.0,49.69,79.49
15.05,26.0,47.76,81.43
21.73,26.0,75.6,36.71
14.85,26.0,76.44,87.31
26.11,26.0,72.82,0.07
15.36,26.0,47.13,80.32
13.46,26.0,73.93,90.92
26.01,26.0,62.95,1.24
16.73,26.0,51.32,74.78
18.81,26.0,56.81,54.75
27.34,26.0,65.05,0.05
27.11,26.0,58.19,0.0
23.44,26.0,83.79,27.14
13.1,26.0,63.99,92.62
21.49,26.0,59.89,38.47
27.83,26.0,71.93,0.74
27.15,26.0,71.02,0.0
13.7,26.0,45.1,93.71
18.34,26.0,69.74,63.13
17.05,26.0,54.75,69.88
14.08,26.0,60.01,88.42
23.12,26.0,73.25,20.42
16.38,26.0,67.3,64.82
17.52,26.0,59.75,70.38
13.45,26.0,51.7,93.85
19.97,26.0,65.22,49.59
14.53,26.0,57.77,81.26
18.91,26.0,81.52,51.05
14.29,26.0,66.37,89.37
27.26,26.0,79.64,0.0
14.32,26.0,60.61,84.31
20.35,26.0,78.1,47.38
15.15,26.0,47.26,84.03
13.22,26.0,56.92,93.6
15.24,26.0,48.13,89.15
12.88,26.0,46.27,96.61
14.23,26.0,81.75,87.74
19.9,26.0,73.67,49.86
22.43,26.0,70.0,30.94
13.4,26.0,66.3,96.01
19.06,26.0,67.78,55.81
21.3,26.0,70.55,38.77
15.75,26.0,78.06,79.56
17.95,26.0,68.88,66.34
13.15,26.0,74.94,95.34
15.52,26.0,56.24,65.93
19.47,26.0,84.07,51.85
27.85,26.0,46.28,1.42
27.94,26.0,60.46,0.0
27.67,26.0,80.28,1.19
18.77,26.0,52.22,59.4
13.29,26.0,50.65,97.12
17.18,26.0,59.62,67.33
15.8,26.0,62.13,82.06
12.23,26.0,82.34,97.93
13.52,26.0,78.44,90.13
19.25,26.0,63.56,55.66
17.43,26.0,83.92,67.42
14.89,26.0,70.69,84.83
23.46,26.0,79.95,22.36
17.71,26.0,54.84,68.8
25.63,26.0,64.56,5.17
15.86,26.0,46.19,85.62
20.61,26.0,45.36,49.98
14.95,26.0,73.22,78.27
19.92,26.0,49.73,58.84
14.44,26.0,66.91,77.3
14.59,26.0,72.84,84.98
21.8,26.0,46.29,34.88
16.22,26.0,62.95,80.61
14.76,26.0,72.37,82.65
26.88,26.0,80.59,0.1
12.69,26.0,56.97,96.41
21.04,26.0,83.97,37.31
20.77,26.0,78.78,41.02
16.01,26.0,71.03,73.01
19.24,26.0,60.68,51.66
13.4,26.0,73.44,90.81
23.54,26.0,77.65,23.6
15.55,26.0,57.13,75.75
15.09,26.0,84.71,71.88
17.04,26.0,81.34,67.29
26.44,26.0,64.42,0.0
24.74,26.0,73.91,15.21
27.15,26.0,65.96,1.24
22.43,26.0,75.44,36.14
22.61,26.0,78.08,32.68
19.68,26.0,45.93,62.18
26.48,26.0,48.17,0.57
20.17,26.0,58.46,41.93
17.68,26.0,81.7,54.41
22.25,26.0,60.93,32.91
20.74,26.0,80.5,43.94
13.98,26.0,63.5,87.82
18.28,26.0,56.55,63.75
17.01,26.0,81.03,65.46
25.55,26.0,67.43,2.93
18.06,26.0,59.42,60.53
25.14,26.0,46.78,8.93
19.08,26.0,49.44,59.61
24.06,26.0,50.57,17.51
14.16,26.0,59.59,86.62
26.79,26.0,69.29,0.0
19.69,26.0,57.3,50.89
16.16,26.0,47.62,80.61
15.86,26.0,55.59,74.21
16.24,26.0,61.35,70.14
17.87,26.0,84.69,61.6
23.48,26.0,60.72,24.89
27.19,26.0,48.57,0.0
22.7,26.0,68.24,33.76
20.75,26.0,81.79,48.69
19.18,26.0,76.47,50.84
25.25,26.0,78.45,13.28
25.59,26.0,82.13,0.0
16.69,26.0,70.46,73.7
27.25,26.0,84.8,2.66
18.32,26.0,46.33,65.67
24.8,26.0,78.39,8.68
27.47,26.0,79.28,0.0
23.26,26.0,81.67,21.34
14.58,26.0,64.13,83.47
21.38,26.0,76.51,44.49
13.9,26.0,52.8,90.11
24.63,26.0,69.13,21.17
16.5,26.0,59.35,71.38
23.12,26.0,68.85,31.07
26.56,26.0,72.02,0.86
14.9,26.0,58.88,82.12
18.29,26.0,53.65,59.75
22.35,26.0,57.87,37.7
18.71,26.0,71.56,57.29
14.8,26.0,72.07,74.26
12.47,26.0,74.65,90.71
18.51,26.0,50.06,57.0
22.39,26.0,77.74,34.08
21.18,26.0,72.53,42.58
14.5,26.0,46.22,86.73
19.21,26.0,58.42,52.84
17.91,26.0,63.67,65.4
16.39,26.0,59.42,69.5
23.67,26.0,49.7,24.06
16.95,26.0,53.29,71.91
20.64,26.0,45.98,44.92
26.77,26.0,48.72,0.0
20.63,26.0,55.65,45.48
21.87,26.0,77.8,36.25
13.17,26.0,66.07,87.97
14.85,26.0,61.98,85.06
13.62,26.0,71.49,92.53
24.24,26.0,66.66,18.25
25.37,26.0,50.26,9.43
14.98,26.0,53.9,83.0
15.51,26.0,53.9,83.11
17.17,26.0,69.0,67.27
21.46,26.0,63.46,34.52
21.95,26.0,60.5,38.04
22.99,26.0,67.27,21.25
26.48,26.0,83.8,0.0
16.72,26.0,57.57,70.2
22.54,26.0,65.81,28.86
20.96,26.0,64.21,42.66
16.89,26.0,73.67,65.7
26.52,26.0,74.21,0.0
13.53,26.0,74.16,89.18
23.39,26.0,53.06,22.38
23.65,26.0,62.96,26.74
26.65,26.0,77.45,0.0
20.3,26.0,60.26,49.26
17.15,26.0,84.37,70.08
25.24,26.0,59.59,13.36
24.33,26.0,64.91,18.42
20.01,26.0,63.98,47.67
24.29,26.0,62.35,11.86
16.29,26.0,78.83,71.99
21.43,26.0,51.21,43.49
25.84,26.0,67.71,3.43
17.09,26.0,69.74,55.42
19.74,26.0,79.05,52.1
27.22,26.0,69.37,0.0
24.77,26.0,83.4,11.12
26.19,26.0,79.89,0.0
18.16,26.0,58.95,64.0
27.94,26.0,79.4,0.0
14.44,26.0,83.34,86.3
20.3,26.0,55.29,43.06
19.67,26.0,69.41,50.29
24.77,26.0,56.27,12.28
26.54,26.0,70.98,0.0
23.7,26.0,48.75,23.32
22.03,26.0,74.37,38.21
18.84,26.0,61.79,61.29
20.17,26.0,68.49,49.72
20.15,26.0,46.03,43.51
12.33,26.0,72.82,91.81
20.05,26.0,64.84,48.93
25.7,26.0,70.01,3.7
23.35,26.0,57.63,22.92
24.73,26.0,50.83,20.03
18.25,26.0,62.42,61.19
20.46,26.0,82.76,45.73
12.54,26.0,54.11,100.0
18.13,26.0,72.03,60.63
19.59,26.0,46.99,62.4
16.08,26.0,73.72,70.0
12.5,26.0,54.54,96.86
23.05,26.0,63.06,23.45
18.96,26.0,59.71,61.8
18.65,26.0,49.51,62.42
16.0,26.0,58.82,74.15
20.61,26.0,59.0,41.97
19.01,26.0,65.88,60.17
19.58,26.0,83.89,50.84
21.29,26.0,63.8,44.62
12.1,26.0,81.58,95.88
26.52,26.0,63.46,0.41
13.14,26.0,49.3,97.02
19.21,26.0,54.21,53.01
15.32,26.0,61.3,79.54
20.38,26.0,58.01,42.53
16.48,26.0,79.63,71.65
25.76,26.0,72.15,5.77
18.34,26.0,68.13,62.97
22.22,26.0,64.65,35.21
15.98,26.0,60.89,75.41
12.31,26.0,69.49,100.0
18.47,26.0,49.98,63.95
20.58,26.0,51.5,50.67
19.35,26.0,57.12,59.01
27.39,26.0,51.85,0.0
23.31,26.0,72.08,25.62
27.93,26.0,45.99,0.0
16.72,26.0,51.41,68.39
24.62,26.0,81.1,9.52
20.89,26.0,84.9,36.23
21.79,26.0,64.5,35.68
27.77,26.0,64.81,0.11
22.46,26.0,75.94,25.35
26.38,26.0,46.45,0.52
23.61,26.0,62.08,22.03
14.04,26.0,48.99,94.42
23.19,26.0,61.04,32.78
19.75,26.0,84.35,50.04
26.7,26.0,75.15,0.0
24.91,26.0,84.4,13.24
13.67,26.0,74.84,88.05
14.14,26.0,69.32,85.24
13.11,26.0,75.17,88.29
19.89,26.0,71.36,47.16
13.29,26.0,63.56,91.74
23.58,26.0,56.7,25.69
20.84,26.0,65.81,44.55
25.37,26.0,55.34,13.65
16.48,26.0,64.47,74.51
20.31,26.0,50.85,49.35
13.88,26.0,67.62,86.93
26.15,26.0,54.81,0.38
14.8,26.0,56.74,82.09
13.64,26.0,64.96,87.52
15.28,26.0,51.5,72.88
24.9,26.0,83.5,7.55
13.69,26.0,62.88,95.61
21.83,26.0,59.09,37.43
23.94,26.0,46.17,19.04
24.02,26.0,78.73,19.86
15.04,26.0,70.03,73.55
12.99,26.0,61.66,95.6
19.18,26.0,54.82,59.83
15.24,26.0,74.81,77.96
23.19,26.0,82.82,18.44
17.71,26.0,60.23,63.24
19.19,26.0,50.4,60.26
13.82,26.0,49.37,92.55
21.08,26.0,45.25,37.76
14.97,26.0,74.76,88.36
22.86,26.0,84.26,22.57
13.14,26.0,84.71,88.52
27.61,26.0,76.37,0.0
22.95,26.0,51.49,24.48
14.91,26.0,84.11,77.33
12.23,26.0,58.11,100.0
17.35,26.0,58.34,71.8
14.45,26.0,72.49,82.32
15.49,26.0,46.96,77.63
25.96,26.0,78.03,2.29
21.65,26.0,84.89,37.32
14.82,26.0,76.0,81.6
20.91,26.0,76.27,42.35
16.09,26.0,60.61,74.8
27.62,26.0,47.64,0.98
12.52,26.0,76.71,93.91
23.72,26.0,68.89,24.98
24.37,26.0,81.37,23.36
13.07,26.0,49.64,96.94
14.75,26.0,57.2,84.31
18.15,26.0,59.43,62.74
25.89,26.0,72.33,0.0
20.59,26.0,76.51,46.2
22.48,26.0,83.44,31.3
24.53,26.0,56.82,13.51
25.25,26.0,64.75,11.47
19.62,26.0,46.16,53.27
20.14,26.0,55.12,45.24
23.49,26.0,59.96,24.68
16.21,26.0,68.75,74.04
25.67,26.0,63.83,7.49
12.33,26.0,59.58,100.0
15.13,26.0,69.96,79.45
24.8,26.0,78.14,10.39
17.44,26.0,54.67,67.16
14.4,26.0,58.72,87.59
14.99,26.0,73.2,81.9
20.49,26.0,76.12,45.3
25.54,26.0,78.02,5.03
13.13,26.0,53.37,98.75
12.49,26.0,66.57,94.37
19.44,26.0,81.0,59.48
27.3,26.0,60.68,0.0
16.46,26.0,62.2,68.61
27.35,26.0,84.39,0.0
26.2,26.0,49.52,0.0
16.53,26.0,73.22,69.32
25.07,26.0,79.01,4.45
22.97,26.0,51.03,24.32
20.19,26.0,73.58,48.44
18.77,26.0,63.79,51.04
25.05,26.0,79.12,4.82
24.69,26.0,81.3,14.8
24.11,26.0,79.9,16.9
27.97,26.0,47.58,0.0
19.66,26.0,75.27,48.25
24.91,26.0,81.86,5.88
25.8,26.0,69.85,4.38
15.39,26.0,69.04,75.57
12.67,26.0,46.8,97.51
18.48,26.0,79.24,58.52
25.71,26.0,46.86,2.97
16.63,26.0,57.54,69.71
23.2,26.0,82.03,17.63
12.12,26.0,82.99,97.0
17.69,26.0,84.68,61.96
21.85,26.0,64.06,33.84
14.08,26.0,52.1,85.87
26.35,26.0,64.52,0.0
14.5,26.0,49.09,88.97
26.56,26.0,79.9,0.26
15.46,26.0,67.42,83.9
27.91,26.0,61.18,1.42
21.68,26.0,48.18,37.7
13.35,26.0,61.21,95.02
13.04,26.0,79.65,91.05
13.2,26.0,73.14,91.32
21.44,26.0,48.3,44.38
24.95,26.0,51.4,8.19
18.45,26.0,60.69,59.77
19.12,26.0,49.06,60.59
21.43,26.0,82.36,38.36
20.53,26.0,71.09,43.16
23.01,26.0,48.79,21.83
19.55,26.0,76.52,42.62
23.42,26.0,59.74,31.25
27.96,26.0,54.79,0.0
17.6,26.0,67.8,62.34
12.2,26.0,45.53,100.0
14.01,26.0,63.62,84.58
20.86,26.0,78.75,40.36
17.51,26.0,82.12,59.85
27.04,26.0,58.7,0.55
22.04,26.0,70.7,26.43
20.33,26.0,54.07,41.83
24.77,26.0,67.41,16.18
16.14,26.0,55.16,72.25
25.12,26.0,67.85,11.38
12.05,26.0,51.87,100.0
21.91,26.0,82.65,33.92
26.96,26.0,80.48,0.0
24.61,26.0,58.48,14.73
25.66,26.0,76.07,2.71
18.35,26.0,48.82,65.97
25.19,26.0,74.61,15.29
20.81,26.0,56.3,48.82
21.9,26.0,50.43,28.73
12.94,26.0,72.13,91.37
15.22,26.0,63.79,80.26
20.82,26.0,66.21,44.5
12.94,26.0,65.82,88.06
23.86,26.0,47.38,14.85
25.44,26.0,47.06,11.28
26.73,26.0,69.05,1.1
13.63,26.0,69.95,83.93
27.04,26.0,46.89,2.56
13.08,26.0,60.14,95.67
19.58,26.0,69.51,48.17
25.44,26.0,71.27,7.21
13.12,26.0,78.13,87.26
12.29,26.0,61.83,92.74
12.4,26.0,66.93,100.0
20.18,26.0,68.14,48.51
24.99,26.0,57.48,9.74
14.04,26.0,47.15,88.78
13.99,26.0,45.17,96.37
21.1,26.0,78.45,41.96
15.75,26.0,53.01,82.58
23.68,26.0,70.21,19.4
27.19,26.0,68.08,0.0
24.26,26.0,60.99,18.57
26.03,26.0,78.34,0.0
20.31,26.0,72.94,45.42
25.32,26.0,45.91,5.92
14.93,26.0,76.07,81.51
13.09,26.0,65.28,88.64
22.5,26.0,58.88,33.19
12.83,26.0,74.08,94.29
26.28,26.0,72.44,0.0
23.06,26.0,57.42,28.48
27.24,26.0,84.32,0.7
17.02,26.0,70.95,65.39
19.78,26.0,69.23,51.67
23.87,26.0,47.8,22.95
15.88,26.0,56.17,75.43
20.67,26.0,62.88,42.12
22.55,26.0,70.23,29.44
27.66,26.0,65.51,0.0
23.92,26.0,75.52,24.74
13.89,26.0,55.5,91.19
19.61,26.0,73.09,50.59
21.42,26.0,77.66,34.44
14.35,26.0,75.6,86.34
18.91,26.0,75.83,52.72
16.54,26.0,80.54,67.13
13.9,26.0,48.37,93.98
20.19,26.0,72.89,47.94
14.65,26.0,83.75,71.76
21.45,26.0,67.95,37.7
14.72,26.0,53.69,85.58
23.58,26.0,84.95,20.43
15.12,26.0,51.99,83.35
26.34,26.0,58.42,0.0
12.42,26.0,51.88,90.1
20.35,26.0,63.58,42.95
17.12,26.0,61.76,69.33
15.6,26.0,64.65,66.43
19.55,26.0,82.12,47.06
25.47,26.0,64.13,0.0
26.64,26.0,65.59,0.0
16.85,26.0,80.47,74.35
14.47,26.0,77.71,81.89
23.52,26.0,54.59,23.05
21.31,26.0,45.52,43.93
15.22,26.0,70.18,79.35
24.16,26.0,78.79,16.54
20.3,26.0,67.11,49.62
22.45,26.0,53.45,33.49
17.75,26.0,74.65,63.58
19.03,26.0,71.78,54.07
14.89,26.0,67.6,80.55
24.1,26.0,79.53,20.96
14.51,26.0,76.37,81.43
24.45,26.0,71.72,19.48
24.77,26.0,71.59,8.84
23.95,26.0,71.49,24.33
12.31,26.0,66.01,99.56
16.37,26.0,63.56,69.58
19.49,26.0,73.38,53.04
21.53,26.0,69.42,35.29
26.71,26.0,64.6,0.0
18.01,26.0,50.07,62.23
26.0,26.0,73.08,0.0
14.61,26.0,70.84,86.2
17.94,26.0,58.69,65.14
12.84,26.0,59.25,92.05
23.88,26.0,54.87,16.77
14.41,26.0,83.48,82.96
16.11,26.0,79.41,73.47
24.4,26.0,67.44,13.35
20.56,26.0,61.07,50.73
12.22,26.0,74.47,99.62
12.04,26.0,66.11,97.37
20.17,26.0,84.03,43.15
16.88,26.0,47.2,71.15
14.88,26.0,46.37,84.09
21.82,26.0,67.74,40.01
15.65,26.0,53.13,82.61
21.48,26.0,69.17,38.09
18.07,26.0,76.26,62.68
14.99,26.0,50.52,86.78
14.21,26.0,62.62,87.03
15.79,26.0,72.55,76.72
12.48,26.0,78.35,96.58
16.93,26.0,64.85,70.87
26.43,26.0,53.25,0.31
25.3,26.0,68.43,5.39
17.95,26.0,63.18,61.68
21.21,26.0,75.88,36.82
21.08,26.0,67.22,35.79
25.26,26.0,56.18,10.73
15.78,26.0,75.18,76.18
16.74,26.0,65.71,65.57
16.83,26.0,52.1,70.76
12.65,26.0,67.52,94.89
17.04,26.0,82.93,66.64
26.05,26.0,73.22,0.0
26.59,26.0,56.95,0.0
13.75,26.0,73.43,89.56
19.33,26.0,56.3,48.81
18.1,26.0,66.71,60.45
19.83,26.0,66.06,48.59
20.88,26.0,54.9,42.99
12.32,26.0,58.92,100.0
25.48,26.0,82.69,11.51
27.58,26.0,55.02,1.69
22.45,26.0,77.04,33.44
22.57,26.0,71.69,21.08
20.45,26.0,66.31,50.32
17.35,26.0,50.5,61.2
14.38,26.0,53.18,95.87
21.35,26.0,52.16,38.86
12.72,26.0,68.47,99.47
25.19,26.0,83.94,12.31
18.73,26.0,80.09,54.01
18.64,26.0,46.01,58.86
17.23,26.0,55.95,65.45
27.51,26.0,51.29,0.43
14.8,26.0,84.03,78.1
14.42,26.0,54.42,84.03
14.65,26.0,53.05,87.55
22.54,26.0,69.84,27.07
27.87,26.0,67.25,0.0
15.77,26.0,54.03,78.66
26.49,26.0,71.81,1.6
16.46,26.0,48.88,72.8
22.37,26.0,45.77,38.37
12.65,26.0,48.3,98.55
19.93,26.0,59.59,48.42
22.47,26.0,84.0,29.19
20.58,26.0,66.89,46.05
15.81,26.0,75.19,71.19
25.26,26.0,57.86,9.87
27.52,26.0,73.77,0.0
19.35,26.0,83.65,44.89
22.17,26.0,59.31,39.85
24.65,26.0,84.96,18.29
15.86,26.0,70.54,72.35
25.83,26.0,74.94,0.0
16.48,26.0,55.09,74.26
24.41,26.0,70.72,10.54
13.79,26.0,65.44,93.7
16.61,26.0,83.26,66.95
20.54,26.0,81.19,49.15
20.4,26.0,60.87,43.4
25.61,26.0,82.87,4.23
27.94,26.0,80.39,0.0
13.72,26.0,68.62,87.71
16.34,26.0,48.28,76.33
17.72,26.0,51.43,69.54
19.66,26.0,48.07,50.76
19.9,26.0,49.32,46.47
25.7,26.0,84.08,0.0
24.33,26.0,53.49,18.84
12.3,26.0,72.63,98.03
19.28,26.0,70.46,56.71
21.89,26.0,70.25,33.96
19.37,26.0,53.27,49.24
14.09,26.0,68.17,78.37
18.36,26.0,70.02,69.2
18.59,26.0,67.82,59.77
15.0,26.0,52.45,83.97
24.1,26.0,73.92,18.95
17.14,26.0,47.93,65.07
21.42,26.0,68.65,35.59
20.25,26.0,62.45,53.27
26.04,26.0,55.01,0.24
13.95,26.0,77.3,83.18
13.83,26.0,52.04,86.79
16.81,26.0,82.32,65.72
18.9,26.0,80.38,53.32
16.78,26.0,59.42,78.09
24.21,26.0,57.21,17.01
15.92,26.0,50.5,73.64
13.36,26.0,81.65,88.44
18.62,26.0,70.1,58.36
24.37,26.0,46.27,12.16
25.61,26.0,65.44,6.18
23.73,26.0,48.43,26.21
20.93,26.0,67.95,42.44
23.59,26.0,65.36,19.63
22.9,26.0,48.31,26.82
15.75,26.0,77.63,68.98
20.81,26.0,55.49,43.36
24.33,26.0,66.66,17.45
17.07,26.0,70.56,64.31
22.46,26.0,83.49,36.69
19.7,26.0,64.75,53.5
20.05,26.0,81.69,40.43
13.44,26.0,59.19,86.04
22.66,26.0,79.3,25.29
25.85,26.0,54.43,7.65
14.26,26.0,73.3,87.77
17.86,26.0,48.54,70.84
12.78,26.0,84.44,91.58
12.47,26.0,83.16,92.85
27.83,26.0,62.69,1.64
19.9,26.0,65.96,50.51
17.69,26.0,68.91,63.01
16.4,26.0,56.0,73.06
27.68,26.0,71.98,1.8
16.04,26.0,72.94,73.26
23.61,26.0,66.0,26.86
16.54,26.0,50.91,68.12
13.13,26.0,81.77,99.4
22.93,26.0,49.6,27.06
12.03,26.0,70.17,100.0
22.81,26.0,49.12,32.37
16.01,26.0,50.84,75.47
23.94,26.0,45.82,23.25
24.32,26.0,59.53,19.76
23.59,26.0,70.58,19.7
12.39,26.0,65.86,94.99
23.26,26.0,71.98,24.81
27.84,26.0,72.0,0.0
15.88,26.0,50.61,82.94
16.39,26.0,47.29,77.67
25.02,26.0,70.01,10.11
14.57,26.0,71.13,85.28
22.57,26.0,67.27,22.96
24.08,26.0,54.83,16.69
12.59,26.0,77.43,94.99
20.86,26.0,48.03,48.02
21.21,26.0,70.29,40.43
16.86,26.0,49.82,76.85
26.02,26.0,71.18,0.0
14.6,26.0,61.71,82.8
17.83,26.0,73.72,61.69
25.58,26.0,47.09,6.7
15.05,26.0,67.2,79.22
25.14,26.0,50.8,14.94
13.27,26.0,72.3,87.04
19.83,26.0,49.8,52.47
13.21,26.0,47.94,98.37
22.85,26.0,73.52,26.59
24.65,26.0,47.54,12.29
25.6,26.0,53.98,4.74
27.7,26.0,77.99,1.85
22.75,26.0,77.39,26.42
24.3,26.0,79.17,12.41
20.09,26.0,58.04,52.72
26.6,26.0,66.12,0.1
22.3,26.0,75.93,35.09
26.14,26.0,50.48,0.0
15.77,26.0,73.98,82.86
19.95,26.0,48.9,54.51
23.68,26.0,81.53,18.47
15.24,26.0,70.49,80.7
15.38,26.0,64.73,77.15
27.65,26.0,64.39,0.0
18.95,26.0,52.25,52.27
14.91,26.0,58.84,82.05
17.3,26.0,74.08,67.41
18.36,26.0,66.64,59.35
21.97,26.0,66.17,30.77
26.77,26.0,52.81,0.53
27.79,26.0,72.61,0.0
22.43,26.0,60.68,32.73
23.2,26.0,52.31,23.23
17.15,26.0,82.75,66.93
25.71,26.0,65.27,11.32
15.48,26.0,66.12,80.4
13.7,26.0,84.25,76.36
27.57,26.0,59.66,0.94
25.83,26.0,82.72,0.0
16.86,26.0,72.8,67.8
22.8,26.0,70.32,24.23
19.47,26.0,54.38,50.8
17.17,26.0,47.07,71.0
16.59,26.0,62.51,64.46
14.18,26.0,45.41,89.7
20.79,26.0,47.84,48.67
19.15,26.0,68.81,51.13
20.19,26.0,73.98,41.6
15.45,26.0,51.72,80.25
27.02,26.0,74.3,0.0
22.22,26.0,82.99,29.61
26.39,26.0,74.73,0.0
13.75,26.0,76.39,89.06
21.97,26.0,73.03,36.26
25.59,26.0,53.99,1.34
17.29,26.0,59.44,64.27
15.12,26.0,82.97,78.27
16.24,26.0,71.45,69.26
16.37,26.0,76.56,71.72
19.16,26.0,83.75,57.53
17.22,26.0,54.26,68.53
16.34,26.0,57.87,69.74
22.38,26.0,70.79,32.71
12.85,26.0,45.97,97.81
17.45,26.0,67.85,64.89
23.04,26.0,77.35,27.73
14.81,26.0,69.42,84.33
15.53,26.0,56.82,79.49
15.21,26.0,73.96,78.49
12.01,26.0,50.84,100.0
19.58,26.0,80.79,54.12
12.62,26.0,49.04,100.0
16.37,26.0,79.54,71.12
27.92,26.0,64.91,0.69
26.69,26.0,62.15,0.06
15.44,26.0,65.03,79.18
16.96,26.0,53.01,68.58
19.42,26.0,63.31,51.97
25.51,26.0,78.99,2.24
24.84,26.0,77.04,15.43
14.02,26.0,51.52,92.35
13.99,26.0,71.94,87.19
18.67,26.0,79.27,55.91
25.92,26.0,77.79,0.0
26.11,26.0,62.03,0.0
13.72,26.0,46.92,87.76
21.19,26.0,82.25,36.35
14.49,26.0,60.84,82.24
22.98,26.0,59.44,28.48
26.66,26.0,75.38,2.16
19.28,26.0,55.56,54.17
13.33,26.0,78.39,94.34
21.27,26.0,48.04,38.38
18.54,26.0,74.63,56.98
24.97,26.0,83.63,10.26
17.45,26.0,84.83,67.0
26.0,26.0,81.95,0.41
16.38,26.0,79.83,71.01
14.52,26.0,56.16,80.18
16.9,26.0,83.67,63.58
12.56,26.0,82.12,97.13
16.5,26.0,66.37,64.46
22.56,26.0,61.08,35.25
14.28,26.0,49.37,90.44
13.78,26.0,68.63,85.81
14.12,26.0,73.02,82.68
13.24,26.0,61.16,99.76
25.99,26.0,61.24,5.07
27.11,26.0,67.93,2.05
12.74,26.0,46.11,99.54
24.16,26.0,83.31,14.9
23.79,26.0,56.6,21.61
27.95,26.0,50.64,0.73
17.57,26.0,45.22,67.3
16.57,26.0,79.28,75.78
19.25,26.0,79.53,51.9
25.71,26.0,48.81,0.21
23.66,26.0,51.09,17.7
19.55,26.0,62.92,52.44
15.91,26.0,52.43,74.92
23.63,26.0,74.43,22.53
25.67,26.0,47.32,0.0
18.4,26.0,66.99,61.68
22.7,26.0,60.31,25.86
18.4,26.0,63.6,59.8
19.66,26.0,61.99,50.15
20.4,26.0,51.13,53.19
24.41,26.0,53.81,16.68
27.64,26.0,47.59,0.85
19.11,26.0,49.61,58.38
17.48,26.0,84.12,68.06
17.98,26.0,56.19,62.66
14.14,26.0,57.28,89.38
16.75,26.0,50.08,76.67
13.38,26.0,75.21,92.84
18.85,26.0,81.97,56.45
14.68,26.0,76.59,80.41
17.54,26.0,69.5,64.01
24.7,26.0,77.53,16.94
15.93,26.0,61.17,80.83
21.79,26.0,79.38,32.9
26.42,26.0,76.94,0.77
21.07,26.0,45.07,39.65
15.1,26.0,64.51,83.81
17.52,26.0,55.58,63.3
21.45,26.0,48.45,42.63
20.11,26.0,78.85,48.52
14.38,26.0,45.32,86.82
19.15,26.0,74.21,58.95
20.69,26.0,84.53,37.04
16.28,26.0,64.28,79.27
21.8,26.0,59.85,37.43
13.12,26.0,69.23,85.1
17.39,26.0,77.19,70.14
24.87,26.0,54.61,15.44
16.15,26.0,55.03,74.16
21.68,26.0,69.29,33.1
18.56,26.0,82.6,50.88
17.06,26.0,56.94,77.83
26.66,26.0,60.07,0.0
17.49,26.0,84.73,58.48
15.79,26.0,52.05,79.4
26.55,26.0,48.08,1.11
23.94,26.0,68.59,16.08
22.91,26.0,45.97,32.23
12.79,26.0,52.22,99.22
14.1,26.0,69.89,84.9
22.21,26.0,71.38,32.55
15.35,26.0,65.42,77.64
15.61,26.0,60.35,78.11
24.47,26.0,68.05,12.51
16.57,26.0,70.74,68.59
13.15,26.0,77.14,88.61
12.58,26.0,76.71,91.65
19.09,26.0,71.59,57.8
21.87,26.0,80.77,36.98
25.9,26.0,78.52,0.0
13.77,26.0,50.33,87.56
15.15,26.0,83.27,77.05
20.48,26.0,80.67,51.48
17.83,26.0,57.84,60.61
19.72,26.0,45.81,51.96
26.79,26.0,69.16,0.27
20.72,26.0,62.54,43.5
18.64,26.0,74.98,55.12
27.83,26.0,65.98,0.0
13.04,26.0,48.06,98.39
26.91,26.0,54.79,0.25
20.03,26.0,80.3,49.06
20.06,26.0,46.51,53.16
26.75,26.0,74.47,0.73
20.12,26.0,56.68,53.31
19.01,26.0,63.11,63.73
16.36,26.0,66.24,76.9
22.54,26.0,55.0,28.74
21.11,26.0,71.08,43.34
15.43,26.0,72.74,80.02
23.35,26.0,48.4,31.82
22.31,26.0,59.96,29.17
18.36,26.0,74.78,60.56
12.07,26.0,73.87,95.42
19.15,26.0,66.78,56.1
12.1,26.0,76.11,96.45
13.2,26.0,49.31,97.25
18.89,26.0,49.73,53.0
13.31,26.0,71.3,93.6
16.41,26.0,72.73,72.1
22.49,26.0,77.58,30.63
16.94,26.0,52.24,77.68
27.96,26.0,65.67,0.0
26.66,26.0,71.43,0.0
21.36,26.0,53.95,40.29
27.47,26.0,65.68,0.96
25.89,26.0,70.54,9.41
17.1,26.0,53.58,69.8
23.99,26.0,60.02,17.39
14.19,26.0,53.65,95.05
22.95,26.0,81.12,25.4
19.86,26.0,54.47,45.07
12.27,26.0,49.83,98.75
16.39,26.0,46.41,70.98
27.29,26.0,46.8,1.68
17.05,26.0,52.66,68.76
14.9,26.0,69.33,81.12
15.0,26.0,45.71,88.74
19.67,26.0,56.47,54.02
25.48,26.0,47.33,8.32
24.13,26.0,61.15,15.1
18.99,26.0,46.94,60.65
15.34,26.0,69.3,83.51
12.74,26.0,72.54,95.45
19.4,26.0,74.25,53.26
25.04,26.0,53.97,6.08
23.67,26.0,79.74,24.79
18.54,26.0,72.61,63.92
21.52,26.0,47.27,40.48
18.98,26.0,62.63,53.8
21.26,26.0,75.71,38.38
20.28,26.0,57.44,45.96
22.9,26.0,60.26,26.8
20.12,26.0,70.18,49.59
27.05,26.0,47.22,2.81
18.85,26.0,83.68,57.9
12.25,26.0,51.98,100.0
15.78,26.0,46.07,76.39
20.01,26.0,45.21,48.77
20.65,26.0,60.98,42.54
20.84,26.0,80.37,40.85
23.43,26.0,77.79,29.33
16.39,26.0,81.48,77.05
22.64,26.0,66.35,32.59
23.26,26.0,62.95,25.48
18.58,26.0,60.43,54.06
18.43,26.0,46.86,62.18
14.86,26.0,81.38,76.87
18.62,26.0,64.85,63.73
24.59,26.0,63.2,8.65
26.54,26.0,65.61,0.59
21.5,26.0,76.77,34.17
16.79,26.0,53.98,71.56
22.92,26.0,73.4,29.5
23.84,26.0,73.43,23.64
17.32,26.0,78.98,64.56
25.22,26.0,45.35,11.55
13.18,26.0,51.82,92.92
12.17,26.0,63.84,100.0
13.97,26.0,79.02,88.96
14.5,26.0,83.6,82.64
26.06,26.0,68.79,1.53
18.8,26.0,53.49,57.16
16.4,26.0,52.38,77.96
18.87,26.0,70.58,51.93
18.32,26.0,53.4,58.13
16.82,26.0,67.12,71.64
14.21,26.0,78.39,82.58
22.49,26.0,60.59,26.0
14.19,26.0,60.14,92.13
24.41,26.0,46.45,12.5
15.23,26.0,55.16,80.91
23.7,26.0,72.93,19.02
24.89,26.0,59.42,10.69
14.01,26.0,51.33,86.99
13.39,26.0,49.23,96.89
27.19,26.0,48.8,0.84
19.41,26.0,71.37,55.48
22.08,26.0,69.5,31.43
12.37,26.0,65.74,100.0
16.46,26.0,65.01,65.51
20.09,26.0,51.13,43.86
26.18,26.0,65.02,0.0
16.34,26.0,47.4,77.16
24.4,26.0,82.03,16.45
22.6,26.0,47.32,32.64
13.84,26.0,61.94,91.23
16.69,26.0,45.02,74.54
15.81,26.0,76.45,71.24
19.08,26.0,51.65,59.27
22.17,26.0,82.0,34.44
18.93,26.0,46.76,62.96
15.91,26.0,77.83,79.92
23.13,26.0,71.27,26.8
21.35,26.0,54.99,35.66
20.31,26.0,53.1,53.84
20.87,26.0,59.31,39.51
15.55,26.0,78.14,77.12
22.89,26.0,79.48,26.16
18.2,26.0,52.01,60.9
17.82,26.0,59.14,66.78
14.4,26.0,54.5,87.9
21.55,26.0,49.91,40.69
21.64,26.0,70.86,33.79
17.44,26.0,58.83,66.0
25.76,26.0,54.02,0.56
25.53,26.0,79.64,4.75
13.74,26.0,74.93,87.11
23.12,26.0,75.95,31.96
18.3,26.0,46.57,61.46
28.0,26.0,81.61,2.44
15.6,26.0,67.99,82.09
16.49,26.0,65.15,73.55
19.07,26.0,45.42,56.68
16.3,26.0,80.91,69.35
23.07,26.0,66.76,23.04
19.69,26.0,78.01,56.23
15.53,26.0,71.22,77.3
20.1,26.0,76.87,40.74
26.22,26.0,72.72,0.0
24.68,26.0,81.84,17.22
19.98,26.0,54.02,50.41
16.62,26.0,53.08,69.72
14.88,26.0,73.5,77.36
26.05,26.0,65.06,2.44
23.36,26.0,68.97,29.33
21.15,26.0,73.34,39.65
26.07,26.0,66.9,1.57
13.95,26.0,76.51,87.37
22.92,26.0,57.75,28.5
15.47,26.0,79.36,74.69
13.93,26.0,49.31,87.35
19.45,26.0,70.36,48.15
18.2,26.0,80.61,62.74
27.06,26.0,55.11,0.12
17.18,26.0,58.07,70.11
25.04,26.0,57.22,11.28
23.98,26.0,67.57,20.33
22.69,26.0,61.51,27.94
26.73,26.0,49.32,0.57
18.53,26.0,80.65,60.89
18.23,26.0,53.19,66.98
14.58,26.0,66.36,79.63
16.41,26.0,68.79,71.21
26.08,26.0,46.63,0.0
19.59,26.0,48.83,59.73
17.46,26.0,83.87,69.44
15.46,26.0,71.58,74.76
19.76,26.0,46.34,56.66
23.47,26.0,76.77,23.04
16.59,26.0,65.34,74.97
24.12,26.0,48.01,21.49
22.08,26.0,72.23,29.0
24.6,26.0,64.97,16.04
16.01,26.0,53.2,80.32
22.1,26.0,80.11,32.68
14.46,26.0,56.66,85.41
17.82,26.0,56.38,58.92
23.59,26.0,55.91,25.22
22.11,26.0,75.7,33.7
15.01,26.0,73.24,76.86
25.73,26.0,81.13,2.2
12.85,26.0,54.17,97.39
21.52,26.0,76.45,35.12
27.74,26.0,67.92,0.0
20.5,26.0,57.35,39.73
24.81,26.0,46.42,17.48
21.52,26.0,77.76,37.03
24.53,26.0,54.64,11.19
22.49,26.0,70.27,21.92
23.06,26.0,66.95,30.05
15.64,26.0,45.18,82.41
23.87,26.0,84.77,20.13
15.81,26.0,77.57,77.46
27.69,26.0,64.46,0.0
15.64,26.0,72.21,76.95
15.79,26.0,64.06,75.74
25.74,26.0,74.78,1.86
15.89,26.0,50.37,79.53
17.77,26.0,62.85,68.8
23.43,26.0,58.42,23.59
14.54,26.0,63.39,89.79
14.55,26.0,63.02,85.96
19.78,26.0,50.72,52.93
15.9,26.0,84.06,81.3
15.77,26.0,45.62,85.34
12.15,26.0,45.4,100.0
17.93,26.0,59.94,60.47
17.09,26.0,69.82,75.11
12.5,26.0,52.19,99.16
21.94,26.0,66.33,34.03
22.03,26.0,73.91,26.12
13.13,26.0,48.76,97.24
17.07,26.0,84.38,61.78
25.96,26.0,58.47,2.05
21.31,26.0,70.7,34.92
18.59,26.0,49.43,66.32
19.44,26.0,73.38,53.54
15.33,26.0,78.62,85.19
24.99,26.0,49.21,7.46
26.62,26.0,50.03,0.85
26.57,26.0,56.24,0.0
15.58,26.0,45.48,81.55
16.97,26.0,84.44,63.98
14.57,26.0,68.94,81.93
16.92,26.0,69.3,66.84
17.32,26.0,83.36,60.93
22.13,26.0,78.28,28.23
15.03,26.0,77.57,77.66
26.71,26.0,58.58,1.55
13.65,26.0,58.39,95.15
12.11,26.0,56.67,100.0
25.68,26.0,58.87,8.17
23.26,26.0,59.78,20.08
17.69,26.0,50.6,64.55
21.53,26.0,59.24,40.83
15.58,26.0,62.87,79.35
14.69,26.0,57.37,81.64
19.54,26.0,51.61,56.49
17.65,26.0,59.94,63.24
21.84,26.0,64.24,32.95
