plant_type,infection_short_name,infection_full_name,severity_level,visible_symptoms,treatment_description,biological_control,chemical_control,prevention_steps
Cucumber,Anthracnose,Anthracnose (Colletotrichum spp.),High,Blackened necrotic lesions on ripe fruit under warm humidity,On Cucumber: Harvest carefully; remove infected fruit; apply labeled anthracnose fungicide,Bacillus foliar programs during fruiting,Rotate QoI / SDHI / multi-site fungicides labeled for anthracnose,Remove mummified fruit; clean harvest containers
Pepper,Anthracnose,Anthracnose (Colletotrichum spp.),Low,Sunken circular fruit lesions with salmon-colored spore masses,On Pepper: Reduce fruit wetness and begin protective sprays on ripening crop,Biological protectants on flowers and young fruit,Protect ripening fruit ahead of humid spells,Remove mummified fruit; clean harvest containers
Strawberry,Anthracnose,Anthracnose (Colletotrichum spp.),High,Blackened necrotic lesions on ripe fruit under warm humidity,On Strawberry: Reduce fruit wetness and begin protective sprays on ripening crop,Cultural sanitation plus soft biologicals,Protect ripening fruit ahead of humid spells,Use drip irrigation and adequate plant spacing
Tomato,Anthracnose,Anthracnose (Colletotrichum spp.),Critical,Blackened necrotic lesions on ripe fruit under warm humidity,On Tomato: Reduce fruit wetness and begin protective sprays on ripening crop,Biological protectants on flowers and young fruit,Follow PHI closely near harvest,Remove mummified fruit; clean harvest containers
Pepper,Bacterial Canker,Bacterial Canker (Clavibacter michiganensis),High,Unilateral leaflet necrosis and open stem lesions,On Pepper: Remove infected plants entirely; sanitize greenhouse thoroughly,Sanitation-first approach with optional soft biologicals,No systemic curative bactericide for canker,Certified seed; hot-water seed treatment where recommended
Tomato,Bacterial Canker,Bacterial Canker (Clavibacter michiganensis),High,Marginal leaf scorch with vascular discoloration,On Tomato: Isolate affected rows and replace contaminated media if needed,Limited options; beneficials support plant resilience only,No systemic curative bactericide for canker,Strict tool hygiene; avoid plant-to-plant sap transfer
Cucumber,Bacterial Leaf Spot,Bacterial Leaf Spot (Xanthomonas / Pseudomonas spp.),Critical,Water-soaked leaf spots becoming necrotic with yellow halos,On Cucumber: Sanitize benches and reduce humidity spikes after irrigation,Bacillus antagonists and induced-resistance products,Fixed-copper bactericides on a preventive humid-weather schedule,Disease-free seed/transplants; minimize splash
Lettuce,Bacterial Leaf Spot,Bacterial Leaf Spot (Xanthomonas / Pseudomonas spp.),High,Small dark foliar spots spreading after splash irrigation,On Lettuce: Stop working wet plants; remove infected leaves; apply labeled copper program,Phyllosphere beneficial sprays preventively,Avoid phytotoxic overuse; follow greenhouse crop labels,Disinfect tools between plants; keep walkways dry
Pepper,Bacterial Leaf Spot,Bacterial Leaf Spot (Xanthomonas / Pseudomonas spp.),Critical,Greasy angular lesions; fruit scabbing on tomato/pepper,On Pepper: Sanitize benches and reduce humidity spikes after irrigation,Copper-alternative biologicals labeled for bacterial diseases,Fixed-copper bactericides on a preventive humid-weather schedule,Disinfect tools between plants; keep walkways dry
Strawberry,Bacterial Leaf Spot,Bacterial Leaf Spot (Xanthomonas / Pseudomonas spp.),Critical,Greasy angular lesions; fruit scabbing on tomato/pepper,On Strawberry: Sanitize benches and reduce humidity spikes after irrigation,Phyllosphere beneficial sprays preventively,Rotate with biologicals to reduce copper load,Avoid dense wet canopies overnight
Tomato,Bacterial Leaf Spot,Bacterial Leaf Spot (Xanthomonas / Pseudomonas spp.),Medium,Water-soaked leaf spots becoming necrotic with yellow halos,On Tomato: Stop working wet plants; remove infected leaves; apply labeled copper program,Bacillus antagonists and induced-resistance products,Avoid phytotoxic overuse; follow greenhouse crop labels,Disinfect tools between plants; keep walkways dry
Pepper,Bacterial Wilt,Bacterial Wilt (Ralstonia solanacearum),Critical,Sudden irreversible wilt; milky bacterial ooze from cut stems,On Pepper: Uproot and destroy infected plants; restrict water movement between zones,Biological soil health programs to reduce pathogen fitness,Follow regional quarantine and disposal guidance,Scout for early wilt and remove promptly
Potato,Bacterial Wilt,Bacterial Wilt (Ralstonia solanacearum),Medium,Rapid plant collapse without major leaf spotting,On Potato: Uproot and destroy infected plants; restrict water movement between zones,Biological soil health programs to reduce pathogen fitness,Follow regional quarantine and disposal guidance,Sanitize irrigation and worker pathways
Tomato,Bacterial Wilt,Bacterial Wilt (Ralstonia solanacearum),Critical,Sudden irreversible wilt; milky bacterial ooze from cut stems,On Tomato: Sanitize tools/boots; isolate bay; do not compost symptomatic material,No strong curative biological; emphasize exclusion,No reliable curative bactericide; copper has limited effect,Certified clean planting material; avoid infested media
Pepper,Blossom End Rot,Blossom End Rot (calcium translocation disorder),High,Fruit lesions linked to irregular irrigation and high VPD,On Pepper: Stabilize irrigation; correct Ca supply and K:Ca ratio,Not a pathogen — biologicals are supportive only,Adjust fertigation salts; not a fungicide problem,Avoid excess ammonium nitrogen during fruiting
Strawberry,Blossom End Rot,Blossom End Rot (calcium translocation disorder),Low,Distal fruit necrosis despite adequate soil calcium,On Strawberry: Stabilize irrigation; correct Ca supply and K:Ca ratio,Root-health biologicals to improve Ca uptake consistency,Adjust fertigation salts; not a fungicide problem,Even irrigation; adequate soluble calcium in recipe
Tomato,Blossom End Rot,Blossom End Rot (calcium translocation disorder),Low,Sunken dark leathery patches on fruit blossom end,On Tomato: Remove affected fruit and normalize root-zone moisture,Root-health biologicals to improve Ca uptake consistency,Foliar/fruit calcium sprays as a temporary aid if labeled,Maintain stable daytime VPD
Cucumber,Cucumber Mosaic,Cucumber Mosaic Virus (CMV),High,Stunting with distorted younger leaves,On Cucumber: Remove infected plants; suppress aphid vectors immediately,"Aphid parasitoids (Aphidius) and predators (lacewings, ladybirds)",Aphid management products if thresholds exceeded,Worker hygiene between bays
Lettuce,Cucumber Mosaic,Cucumber Mosaic Virus (CMV),High,Chlorotic mosaic and reduced marketable yield,On Lettuce: No curative spray — focus on vector and rogueing,"Aphid parasitoids (Aphidius) and predators (lacewings, ladybirds)",No viricide available for CMV,Virus-free seedlings; remove weed reservoirs
Pepper,Cucumber Mosaic,Cucumber Mosaic Virus (CMV),High,"Severe mosaic, leaf shoestringing, and fruit mottling",On Pepper: No curative spray — focus on vector and rogueing,Banker plants for sustained aphid biocontrol,No viricide available for CMV,Worker hygiene between bays
Tomato,Cucumber Mosaic,Cucumber Mosaic Virus (CMV),Medium,"Severe mosaic, leaf shoestringing, and fruit mottling",On Tomato: No curative spray — focus on vector and rogueing,"Aphid parasitoids (Aphidius) and predators (lacewings, ladybirds)",Aphid management products if thresholds exceeded,Virus-free seedlings; remove weed reservoirs
Cucumber,Downy Mildew,Downy Mildew (Pseudoperonospora / Peronospora spp.),Medium,Angular yellow lesions above; gray-purple sporulation beneath leaves,On Cucumber: Increase night ventilation and start protectant/systemic rotation,Cultural drying + soft biologicals at first symptoms,Rotate CAA / QoI / multi-site products per extension guidance,Irrigate mornings only; sanitize after outbreaks
Lettuce,Downy Mildew,Downy Mildew (Pseudoperonospora / Peronospora spp.),Medium,Angular yellow lesions above; gray-purple sporulation beneath leaves,On Lettuce: Increase night ventilation and start protectant/systemic rotation,Cultural drying + soft biologicals at first symptoms,Protectants ahead of cool humid nights,Irrigate mornings only; sanitize after outbreaks
Strawberry,Downy Mildew,Downy Mildew (Pseudoperonospora / Peronospora spp.),Critical,"Rapid blighting of young tissue in cool, humid nights",On Strawberry: Quarantine affected rows and tighten dehumidification cycles,Phosphite-compatible biological programs where labeled,Rotate CAA / QoI / multi-site products per extension guidance,Resistant cultivars when available; scout leaf undersides
Tomato,Downy Mildew,Downy Mildew (Pseudoperonospora / Peronospora spp.),High,Oil-spot appearance on upper leaf surface with fuzzy underside growth,On Tomato: Dry canopy urgently; remove infected leaves; apply labeled downy mildew product,Cultural drying + soft biologicals at first symptoms,Protectants ahead of cool humid nights,Avoid leaf wetness; improve horizontal airflow
Pepper,Early Blight,Early Blight (Alternaria solani),Medium,Brown lesions with concentric rings on foliage; stem collar lesions possible,On Pepper: Sanitate fallen debris and treat remaining canopy preventively,Bacillus-based biofungicides and compost teas where permitted,Apply protectants before extended humid periods,Start with disease-free transplants and sanitize benches
Potato,Early Blight,Early Blight (Alternaria solani),Low,Target-spot concentric rings on older leaves; yellowing and defoliation,"On Potato: Improve nitrogen balance, prune for airflow, and begin protectant sprays",Biological protectants in rotation with cultural controls,Rotate chlorothalonil / mancozeb-class and labeled SDHI products,Avoid prolonged leaf wetness; balance fertility
Tomato,Early Blight,Early Blight (Alternaria solani),Critical,Target-spot concentric rings on older leaves; yellowing and defoliation,On Tomato: Remove lower infected leaves; apply labeled Alternaria fungicide rotation,Trichoderma soil/foliar programs to suppress Alternaria pressure,Use FRAC-diverse programs; avoid consecutive same-mode sprays,Avoid prolonged leaf wetness; balance fertility
Cucumber,Edema,Physiological Leaf Edema (environmental water imbalance),Medium,Raised watery bumps mistaken for pest damage,On Cucumber: Raise night temperature slightly and improve dehumidification,Pause unnecessary foliar biological sprays until resolved,Do not treat as fungal leaf spot,Match irrigation to light/transpiration
Lettuce,Edema,Physiological Leaf Edema (environmental water imbalance),High,Leaf undersurface callusing after humid cool nights,On Lettuce: Reduce night irrigation; increase airflow; balance root vs leaf moisture,Maintain healthy roots to stabilize water uptake,Focus on climate and irrigation corrections,Match irrigation to light/transpiration
Pepper,Edema,Physiological Leaf Edema (environmental water imbalance),Medium,Raised watery bumps mistaken for pest damage,On Pepper: Raise night temperature slightly and improve dehumidification,Maintain healthy roots to stabilize water uptake,Focus on climate and irrigation corrections,Match irrigation to light/transpiration
Tomato,Edema,Physiological Leaf Edema (environmental water imbalance),Low,Corky blisters on leaf undersides from excess root pressure,On Tomato: Avoid overwatering on cool cloudy days,Maintain healthy roots to stabilize water uptake,No pesticide indicated,Match irrigation to light/transpiration
Cucumber,Fusarium Wilt,Fusarium Wilt (Fusarium oxysporum),High,Lower leaves yellow then wilt permanently despite moist soil,On Cucumber: Reduce plant stress and apply biological soil suppressants,Trichoderma and non-pathogenic Fusarium biocontrol strains,Limited curative options; focus on sanitation and resistant varieties,Resistant cultivars/rootstocks; clean media and trays
Lettuce,Fusarium Wilt,Fusarium Wilt (Fusarium oxysporum),Critical,Lower leaves yellow then wilt permanently despite moist soil,On Lettuce: Switch to resistant rootstock/cultivar; sanitize affected beds,Compost-based suppressiveness programs,Disinfect tools and irrigation lines thoroughly,Avoid root injury; rotate bays when possible
Pepper,Fusarium Wilt,Fusarium Wilt (Fusarium oxysporum),Critical,One-sided wilting; vascular browning in stem cross-section,On Pepper: Switch to resistant rootstock/cultivar; sanitize affected beds,Beneficial Bacillus soil inoculants,Soil treatments only where labels and regulations allow,Avoid root injury; rotate bays when possible
Potato,Fusarium Wilt,Fusarium Wilt (Fusarium oxysporum),Low,Lower leaves yellow then wilt permanently despite moist soil,On Potato: Switch to resistant rootstock/cultivar; sanitize affected beds,Beneficial Bacillus soil inoculants,Limited curative options; focus on sanitation and resistant varieties,Resistant cultivars/rootstocks; clean media and trays
Strawberry,Fusarium Wilt,Fusarium Wilt (Fusarium oxysporum),Medium,Lower leaves yellow then wilt permanently despite moist soil,On Strawberry: Switch to resistant rootstock/cultivar; sanitize affected beds,Trichoderma and non-pathogenic Fusarium biocontrol strains,Soil treatments only where labels and regulations allow,Avoid root injury; rotate bays when possible
Tomato,Fusarium Wilt,Fusarium Wilt (Fusarium oxysporum),Critical,Stunting and progressive collapse from root-stem vascular infection,On Tomato: Reduce plant stress and apply biological soil suppressants,Beneficial Bacillus soil inoculants,Soil treatments only where labels and regulations allow,Avoid root injury; rotate bays when possible
Cucumber,Gray Mold,Gray Mold / Botrytis Blight (Botrytis cinerea),Critical,"Gray fuzzy sporulation on flowers, fruit, and wounded tissue",On Cucumber: Remove dead flowers and infected fruit; increase ventilation immediately,Trichoderma and Bacillus biofungicides preventively on flowers,Rotate FRAC-coded greenhouse Botrytis fungicides carefully,Avoid dense canopies and overnight free moisture
Lettuce,Gray Mold,Gray Mold / Botrytis Blight (Botrytis cinerea),Medium,"Gray fuzzy sporulation on flowers, fruit, and wounded tissue",On Lettuce: Reduce RH spikes; spot-treat with labeled Botrytis fungicide/biofungicide,Antagonist sprays on senescent tissue hotspots,Use protectant + specific Botrytis actives under high pressure,Avoid dense canopies and overnight free moisture
Pepper,Gray Mold,Gray Mold / Botrytis Blight (Botrytis cinerea),High,Necrotic lesions on petals and stems under high humidity,On Pepper: Remove dead flowers and infected fruit; increase ventilation immediately,Trichoderma and Bacillus biofungicides preventively on flowers,Target flower and fruit zones; respect resistance guidelines,Harvest promptly; remove aborted fruit and petals daily
Potato,Gray Mold,Gray Mold / Botrytis Blight (Botrytis cinerea),Low,"Gray fuzzy sporulation on flowers, fruit, and wounded tissue",On Potato: Remove dead flowers and infected fruit; increase ventilation immediately,Trichoderma and Bacillus biofungicides preventively on flowers,Rotate FRAC-coded greenhouse Botrytis fungicides carefully,Harvest promptly; remove aborted fruit and petals daily
Strawberry,Gray Mold,Gray Mold / Botrytis Blight (Botrytis cinerea),Critical,Soft blossom blight and fruit rot with ash-gray mycelium,On Strawberry: Reduce RH spikes; spot-treat with labeled Botrytis fungicide/biofungicide,Trichoderma and Bacillus biofungicides preventively on flowers,Target flower and fruit zones; respect resistance guidelines,Avoid dense canopies and overnight free moisture
Tomato,Gray Mold,Gray Mold / Botrytis Blight (Botrytis cinerea),Critical,Soft blossom blight and fruit rot with ash-gray mycelium,On Tomato: Sanitize debris and adjust irrigation timing to morning only,Antagonist sprays on senescent tissue hotspots,Rotate FRAC-coded greenhouse Botrytis fungicides carefully,Heat + vent pulses to break humidity spikes
Cucumber,Heat Stress,Environmental Heat / VPD Stress Disorder,Medium,"Leaf cupping, blossom drop, and sunscald under high temperature",On Cucumber: Increase shading/ventilation; lower daytime setpoints; pulse irrigation,No pathogen biological needed; maintain root-zone microbial health,Anti-stress foliar nutrients only when label-safe,Maintain root moisture without waterlogging
Lettuce,Heat Stress,Environmental Heat / VPD Stress Disorder,Low,Wilting at peak day heat with recovery at night,On Lettuce: Run fog/pad cooling if available; avoid midday heavy sprays,Supportive biostimulants only if labeled for stress mitigation,No fungicide required; avoid phytotoxic sprays in heat,Shade cloth schedules; adequate air exchange
Pepper,Heat Stress,Environmental Heat / VPD Stress Disorder,Medium,Bleached fruit shoulders and stalled growth,On Pepper: Run fog/pad cooling if available; avoid midday heavy sprays,No pathogen biological needed; maintain root-zone microbial health,Anti-stress foliar nutrients only when label-safe,Shade cloth schedules; adequate air exchange
Potato,Heat Stress,Environmental Heat / VPD Stress Disorder,High,Bleached fruit shoulders and stalled growth,On Potato: Increase shading/ventilation; lower daytime setpoints; pulse irrigation,No pathogen biological needed; maintain root-zone microbial health,Anti-stress foliar nutrients only when label-safe,Maintain root moisture without waterlogging
Strawberry,Heat Stress,Environmental Heat / VPD Stress Disorder,Medium,"Leaf cupping, blossom drop, and sunscald under high temperature",On Strawberry: Run fog/pad cooling if available; avoid midday heavy sprays,Supportive biostimulants only if labeled for stress mitigation,Anti-stress foliar nutrients only when label-safe,Maintain root moisture without waterlogging
Tomato,Heat Stress,Environmental Heat / VPD Stress Disorder,Medium,Wilting at peak day heat with recovery at night,On Tomato: Run fog/pad cooling if available; avoid midday heavy sprays,No pathogen biological needed; maintain root-zone microbial health,No fungicide required; avoid phytotoxic sprays in heat,Monitor canopy temperature; stage harvests for cooler hours
Potato,Late Blight,Late Blight (Phytophthora infestans),High,"Dark necrotic blotches expanding quickly under cool, wet greenhouse conditions","On Potato: Cull symptomatic plants, sanitize zones, and apply protectant + systemic rotation",Support plant vigor; avoid excess nitrogen that softens tissue,"Protectants (e.g., chlorothalonil/mancozeb-class where legal) on a tight interval",Certified clean transplants; eliminate cull piles and volunteer hosts
Tomato,Late Blight,Late Blight (Phytophthora infestans),Medium,Rapid foliar collapse; greasy stem lesions; fruit/tuber rot in humid weather,"On Tomato: Stop leaf wetness, quarantine bays, and follow extension late-blight alerts",Copper-alternative biofungicides labeled for Phytophthora where available,"Protectants (e.g., chlorothalonil/mancozeb-class where legal) on a tight interval",Certified clean transplants; eliminate cull piles and volunteer hosts
Cucumber,Leaf Spot,Fungal Leaf Spot (Septoria / Cercospora / Alternaria spp.),Low,Numerous leaf lesions coalescing into blighted areas,On Cucumber: Increase airflow and begin a preventive leaf-spot spray rotation,Bacillus subtilis foliar biofungicides,Apply before forecast high-humidity periods,Space plants for rapid drying; scout weekly
Lettuce,Leaf Spot,Fungal Leaf Spot (Septoria / Cercospora / Alternaria spp.),Critical,Speckled foliage; lower leaves yellow and drop prematurely,On Lettuce: Remove spotted leaves; apply labeled protectant fungicide,Biological protectants during humid weather windows,Copper or protectant fungicides labeled for the crop,Drip irrigation only; remove lower canopy debris
Pepper,Leaf Spot,Fungal Leaf Spot (Septoria / Cercospora / Alternaria spp.),Critical,Speckled foliage; lower leaves yellow and drop prematurely,On Pepper: Sanitize debris and avoid wetting foliage during irrigation,Copper-alternative biologicals on a preventive schedule,Apply before forecast high-humidity periods,Start clean and avoid working wet plants
Potato,Leaf Spot,Fungal Leaf Spot (Septoria / Cercospora / Alternaria spp.),Medium,Small circular spots with dark borders and chlorotic halos,On Potato: Sanitize debris and avoid wetting foliage during irrigation,Bacillus subtilis foliar biofungicides,Copper or protectant fungicides labeled for the crop,Start clean and avoid working wet plants
Strawberry,Leaf Spot,Fungal Leaf Spot (Septoria / Cercospora / Alternaria spp.),Low,Small circular spots with dark borders and chlorotic halos,On Strawberry: Sanitize debris and avoid wetting foliage during irrigation,Bacillus subtilis foliar biofungicides,Rotate multi-site and single-site actives carefully,Drip irrigation only; remove lower canopy debris
Tomato,Leaf Spot,Fungal Leaf Spot (Septoria / Cercospora / Alternaria spp.),Medium,Numerous leaf lesions coalescing into blighted areas,On Tomato: Sanitize debris and avoid wetting foliage during irrigation,Copper-alternative biologicals on a preventive schedule,Copper or protectant fungicides labeled for the crop,Drip irrigation only; remove lower canopy debris
Cucumber,Mosaic Virus,Mosaic Virus Complex (TMV / CMV / PepMV-related symptoms),High,Stunted growth with blistered or fern-leaf foliage,On Cucumber: No curative spray — rogue symptomatic plants and reset hygiene,"No direct antiviral biological; use vector biocontrol (e.g., beneficials vs aphids)",Disinfect tools with appropriate virucidal sanitizers,Control aphids/thrips; remove weed hosts
Lettuce,Mosaic Virus,Mosaic Virus Complex (TMV / CMV / PepMV-related symptoms),High,Mottled light/dark green mosaic on leaves; leaf distortion,On Lettuce: Remove infected plants; control insect vectors; sanitize hands/tools,Predator/parasitoid programs to lower aphid/thrips pressure,Avoid tobacco products near tomato operations (TMV risk),Do not touch healthy plants after handling symptomatic ones
Pepper,Mosaic Virus,Mosaic Virus Complex (TMV / CMV / PepMV-related symptoms),Critical,Stunted growth with blistered or fern-leaf foliage,On Pepper: No curative spray — rogue symptomatic plants and reset hygiene,"No direct antiviral biological; use vector biocontrol (e.g., beneficials vs aphids)",Avoid tobacco products near tomato operations (TMV risk),Virus-free transplants; insect screens; worker hygiene
Potato,Mosaic Virus,Mosaic Virus Complex (TMV / CMV / PepMV-related symptoms),Critical,Chlorotic mosaic patterns and uneven fruit color/quality,On Potato: No curative spray — rogue symptomatic plants and reset hygiene,Plant health biologicals only as supportive measures,Avoid tobacco products near tomato operations (TMV risk),Virus-free transplants; insect screens; worker hygiene
Strawberry,Mosaic Virus,Mosaic Virus Complex (TMV / CMV / PepMV-related symptoms),Medium,Stunted growth with blistered or fern-leaf foliage,On Strawberry: Quarantine new plants; replace severely affected blocks,"No direct antiviral biological; use vector biocontrol (e.g., beneficials vs aphids)",Avoid tobacco products near tomato operations (TMV risk),Control aphids/thrips; remove weed hosts
Tomato,Mosaic Virus,Mosaic Virus Complex (TMV / CMV / PepMV-related symptoms),High,Stunted growth with blistered or fern-leaf foliage,On Tomato: Remove infected plants; control insect vectors; sanitize hands/tools,Plant health biologicals only as supportive measures,Disinfect tools with appropriate virucidal sanitizers,Control aphids/thrips; remove weed hosts
Cucumber,Nutrient Deficiency,Environmental Nutrient Disorder (N / K / Ca / Mg imbalance),Low,Interveinal chlorosis or marginal leaf burn without pathogen signs,On Cucumber: Correct fertigation recipe; verify EC/pH; apply targeted nutrient correction,"Compost teas only as supplements, not replacements for minerals",Not a pathogen — use soluble fertilizers / chelates as labeled,Match recipe to crop (Tomato vs Lettuce differ strongly)
Lettuce,Nutrient Deficiency,Environmental Nutrient Disorder (N / K / Ca / Mg imbalance),Medium,Uniform yellowing or purpling linked to fertigation error,On Lettuce: Flush salts if EC is high; adjust Ca/K balance for fruiting crops,"Compost teas only as supplements, not replacements for minerals",Avoid excess single-salt dumping that causes antagonism,Match recipe to crop (Tomato vs Lettuce differ strongly)
Pepper,Nutrient Deficiency,Environmental Nutrient Disorder (N / K / Ca / Mg imbalance),Low,Interveinal chlorosis or marginal leaf burn without pathogen signs,On Pepper: Flush salts if EC is high; adjust Ca/K balance for fruiting crops,Beneficial root microbes to improve nutrient uptake efficiency,Correct pH with approved acids/bases in fertigation,Routine EC/pH logging; staged nutrition by crop phase
Potato,Nutrient Deficiency,Environmental Nutrient Disorder (N / K / Ca / Mg imbalance),High,"Tip burn, blossom-end issues, or pale older leaves from imbalance",On Potato: Recalibrate dosing pumps and monitor leaf tissue response,Beneficial root microbes to improve nutrient uptake efficiency,Avoid excess single-salt dumping that causes antagonism,Match recipe to crop (Tomato vs Lettuce differ strongly)
Strawberry,Nutrient Deficiency,Environmental Nutrient Disorder (N / K / Ca / Mg imbalance),Low,Interveinal chlorosis or marginal leaf burn without pathogen signs,On Strawberry: Flush salts if EC is high; adjust Ca/K balance for fruiting crops,Mycorrhizae in soil/soilless systems where compatible,Avoid excess single-salt dumping that causes antagonism,Routine EC/pH logging; staged nutrition by crop phase
Tomato,Nutrient Deficiency,Environmental Nutrient Disorder (N / K / Ca / Mg imbalance),Low,"Tip burn, blossom-end issues, or pale older leaves from imbalance",On Tomato: Flush salts if EC is high; adjust Ca/K balance for fruiting crops,Mycorrhizae in soil/soilless systems where compatible,Avoid excess single-salt dumping that causes antagonism,Routine EC/pH logging; staged nutrition by crop phase
Cucumber,Powdery Mildew,Powdery Mildew (Oidium / Podosphaera spp.),Medium,Sparse white mycelium on leaves progressing to chlorosis and defoliation,On Cucumber: Remove heavily infected tissue and spray labeled mildew protectant during cool hours,Trichoderma-based protectants on foliage where crop label allows,Apply potassium bicarbonate or wettable sulfur early; never mix oil + sulfur,"Maintain spacing, lower overnight RH, sanitize tools between plants"
Lettuce,Powdery Mildew,Powdery Mildew (Oidium / Podosphaera spp.),Medium,White powdery patches on upper leaf surfaces; leaves yellow and curl,"On Lettuce: Improve airflow, prune infected leaves, apply potassium bicarbonate or biofungicide early",Potassium bicarbonate / horticultural oil rotation (label-compliant),Rotate sulfur or myclobutanil-group products by FRAC code; observe PHI,Avoid overhead irrigation; scout weekly for first mildew colonies
Pepper,Powdery Mildew,Powdery Mildew (Oidium / Podosphaera spp.),High,Sparse white mycelium on leaves progressing to chlorosis and defoliation,"On Pepper: Improve airflow, prune infected leaves, apply potassium bicarbonate or biofungicide early",Potassium bicarbonate / horticultural oil rotation (label-compliant),Apply potassium bicarbonate or wettable sulfur early; never mix oil + sulfur,Avoid overhead irrigation; scout weekly for first mildew colonies
Potato,Powdery Mildew,Powdery Mildew (Oidium / Podosphaera spp.),Low,White powdery patches on upper leaf surfaces; leaves yellow and curl,"On Potato: Isolate dense canopies, reduce leaf wetness, and start a preventive mildew program",Bacillus subtilis or Bacillus amyloliquefaciens foliar sprays,Rotate sulfur or myclobutanil-group products by FRAC code; observe PHI,"Maintain spacing, lower overnight RH, sanitize tools between plants"
Strawberry,Powdery Mildew,Powdery Mildew (Oidium / Podosphaera spp.),High,White powdery patches on upper leaf surfaces; leaves yellow and curl,On Strawberry: Remove heavily infected tissue and spray labeled mildew protectant during cool hours,Potassium bicarbonate / horticultural oil rotation (label-compliant),Apply potassium bicarbonate or wettable sulfur early; never mix oil + sulfur,Avoid overhead irrigation; scout weekly for first mildew colonies
Tomato,Powdery Mildew,Powdery Mildew (Oidium / Podosphaera spp.),Low,Sparse white mycelium on leaves progressing to chlorosis and defoliation,"On Tomato: Improve airflow, prune infected leaves, apply potassium bicarbonate or biofungicide early",Bacillus subtilis or Bacillus amyloliquefaciens foliar sprays,Use labeled strobilurin fungicides only under high pressure; avoid overuse,"Maintain spacing, lower overnight RH, sanitize tools between plants"
Cucumber,Root Rot,Root Rot (Pythium / Phytophthora / Rhizoctonia complex),High,Crown discoloration; cucumber plants collapse in poorly drained zones,On Cucumber: Improve drainage; reduce irrigation; drench with labeled oomycete product,Mycorrhizae / beneficial microbe drenches for suppression,Rotate oomycete chemistries; do not rely on a single FRAC group,Use sterile media; avoid standing water under benches
Lettuce,Root Rot,Root Rot (Pythium / Phytophthora / Rhizoctonia complex),Low,Crown discoloration; lettuce plants collapse in poorly drained zones,On Lettuce: Correct overwatering and apply biological root protectant,Compost-based biologicals in clean media mixes,Rotate oomycete chemistries; do not rely on a single FRAC group,Use sterile media; avoid standing water under benches
Pepper,Root Rot,Root Rot (Pythium / Phytophthora / Rhizoctonia complex),High,Crown discoloration; pepper plants collapse in poorly drained zones,On Pepper: Improve drainage; reduce irrigation; drench with labeled oomycete product,Trichoderma harzianum and Bacillus root-zone inoculants,Spot-drench only after confirming pathogen class,Use sterile media; avoid standing water under benches
Potato,Root Rot,Root Rot (Pythium / Phytophthora / Rhizoctonia complex),Medium,Wilting despite moist media; brown soft roots; stunted growth,On Potato: Correct overwatering and apply biological root protectant,Trichoderma harzianum and Bacillus root-zone inoculants,Labeled mefenoxam / propamocarb / etridiazole products as permitted,Use sterile media; avoid standing water under benches
Strawberry,Root Rot,Root Rot (Pythium / Phytophthora / Rhizoctonia complex),Critical,Crown discoloration; strawberry plants collapse in poorly drained zones,On Strawberry: Improve drainage; reduce irrigation; drench with labeled oomycete product,Trichoderma harzianum and Bacillus root-zone inoculants,Labeled mefenoxam / propamocarb / etridiazole products as permitted,Use sterile media; avoid standing water under benches
Tomato,Root Rot,Root Rot (Pythium / Phytophthora / Rhizoctonia complex),Low,Root tips decayed; foliage chlorotic; uneven stand vigor,On Tomato: Remove severely affected plants; sanitize media and emitters,Compost-based biologicals in clean media mixes,Labeled mefenoxam / propamocarb / etridiazole products as permitted,Keep root zone oxygenated and within crop-optimal moisture
Lettuce,Soft Rot,Bacterial Soft Rot (Pectobacterium / Dickeya spp.),Critical,Rapid liquefaction of infected tissue under high moisture,On Lettuce: Reduce free water; discard severely infected heads/tubers,Limited; rely on sanitation and dry handling,Follow postharvest sanitation protocols,Clean crates and cool quickly after picking
Pepper,Soft Rot,Bacterial Soft Rot (Pectobacterium / Dickeya spp.),Medium,Rapid liquefaction of infected tissue under high moisture,On Pepper: Sanitize harvest knives and cool product promptly,Limited; rely on sanitation and dry handling,Focus on hygiene chemistry rather than plant sprays,Avoid wounds; keep foliage and harvest zones dry
Potato,Soft Rot,Bacterial Soft Rot (Pectobacterium / Dickeya spp.),Medium,Watery foul-smelling soft tissue collapse on stems or stored organs,On Potato: Sanitize harvest knives and cool product promptly,No strong curative biological for soft rot,Disinfectants on tools/surfaces; copper of limited value on soft rot,Avoid wounds; keep foliage and harvest zones dry
Tomato,Soft Rot,Bacterial Soft Rot (Pectobacterium / Dickeya spp.),Critical,Rapid liquefaction of infected tissue under high moisture,On Tomato: Sanitize harvest knives and cool product promptly,Beneficial microbes on healthy tissue only as preventives,Disinfectants on tools/surfaces; copper of limited value on soft rot,Avoid wounds; keep foliage and harvest zones dry
Pepper,Tomato Yellow Leaf Curl,Tomato Yellow Leaf Curl Virus (TYLCV),Critical,Small chlorotic leaflets and reduced fruit set,On Pepper: Install/repair insect screens; remove symptomatic tomatoes promptly,Banker-plant strategies where established,Use oils/soaps where compatible; avoid resistance buildup,Quarantine transplants from unknown sources
Tomato,Tomato Yellow Leaf Curl,Tomato Yellow Leaf Curl Virus (TYLCV),Medium,"Upward leaf curling, yellowing margins, severe stunting",On Tomato: Reset hygiene and vector monitoring traps,Encarsia / Eretmocerus whitefly parasitoids,Use oils/soaps where compatible; avoid resistance buildup,Resistant cultivars; sealed greenhouse openings
Cucumber,Anthracnose,Anthracnose (Colletotrichum spp.),High,Sunken circular fruit lesions with salmon-colored spore masses,On Cucumber: Reduce fruit wetness and begin protective sprays on ripening crop,Bacillus foliar programs during fruiting,Rotate QoI / SDHI / multi-site fungicides labeled for anthracnose,Remove mummified fruit; clean harvest containers
Pepper,Anthracnose,Anthracnose (Colletotrichum spp.),Medium,Sunken circular fruit lesions with salmon-colored spore masses,On Pepper: Sanitize harvest tools and cull symptomatic berries/fruit,Bacillus foliar programs during fruiting,Follow PHI closely near harvest,Remove mummified fruit; clean harvest containers
Strawberry,Anthracnose,Anthracnose (Colletotrichum spp.),Critical,Dark leaf and stem spots; fruit rot near harvest,On Strawberry: Reduce fruit wetness and begin protective sprays on ripening crop,Bacillus foliar programs during fruiting,Protect ripening fruit ahead of humid spells,Avoid wounding fruit; keep ripening zone dry
Tomato,Anthracnose,Anthracnose (Colletotrichum spp.),Critical,Blackened necrotic lesions on ripe fruit under warm humidity,On Tomato: Reduce fruit wetness and begin protective sprays on ripening crop,Bacillus foliar programs during fruiting,Protect ripening fruit ahead of humid spells,Use drip irrigation and adequate plant spacing
Pepper,Bacterial Canker,Bacterial Canker (Clavibacter michiganensis),Medium,Unilateral leaflet necrosis and open stem lesions,On Pepper: Remove infected plants entirely; sanitize greenhouse thoroughly,No strong curative biological control available,No systemic curative bactericide for canker,Strict tool hygiene; avoid plant-to-plant sap transfer
Tomato,Bacterial Canker,Bacterial Canker (Clavibacter michiganensis),High,"Wilting leaflets, bird's-eye fruit spots, stem cankers",On Tomato: Restrict pruning during wet periods; disinfect knives constantly,Limited options; beneficials support plant resilience only,Emphasize disinfectant protocols for structures and tools,Certified seed; hot-water seed treatment where recommended
Cucumber,Bacterial Leaf Spot,Bacterial Leaf Spot (Xanthomonas / Pseudomonas spp.),Critical,Water-soaked leaf spots becoming necrotic with yellow halos,On Cucumber: Sanitize benches and reduce humidity spikes after irrigation,Bacillus antagonists and induced-resistance products,Rotate with biologicals to reduce copper load,Avoid dense wet canopies overnight
Lettuce,Bacterial Leaf Spot,Bacterial Leaf Spot (Xanthomonas / Pseudomonas spp.),Critical,Greasy angular lesions; fruit scabbing on tomato/pepper,On Lettuce: Stop working wet plants; remove infected leaves; apply labeled copper program,Copper-alternative biologicals labeled for bacterial diseases,Fixed-copper bactericides on a preventive humid-weather schedule,Avoid dense wet canopies overnight
Pepper,Bacterial Leaf Spot,Bacterial Leaf Spot (Xanthomonas / Pseudomonas spp.),Medium,Greasy angular lesions; fruit scabbing on tomato/pepper,On Pepper: Sanitize benches and reduce humidity spikes after irrigation,Bacillus antagonists and induced-resistance products,Avoid phytotoxic overuse; follow greenhouse crop labels,Disease-free seed/transplants; minimize splash
Strawberry,Bacterial Leaf Spot,Bacterial Leaf Spot (Xanthomonas / Pseudomonas spp.),High,Greasy angular lesions; fruit scabbing on tomato/pepper,On Strawberry: Stop working wet plants; remove infected leaves; apply labeled copper program,Bacillus antagonists and induced-resistance products,Rotate with biologicals to reduce copper load,Avoid dense wet canopies overnight
Tomato,Bacterial Leaf Spot,Bacterial Leaf Spot (Xanthomonas / Pseudomonas spp.),Medium,Greasy angular lesions; fruit scabbing on tomato/pepper,On Tomato: Stop working wet plants; remove infected leaves; apply labeled copper program,Copper-alternative biologicals labeled for bacterial diseases,Rotate with biologicals to reduce copper load,Disinfect tools between plants; keep walkways dry
Pepper,Bacterial Wilt,Bacterial Wilt (Ralstonia solanacearum),Critical,Vascular browning with sticky bacterial stream from stem sections,On Pepper: Reduce soil moisture extremes and eliminate adjacent hosts,Antagonistic Bacillus soil treatments as suppressants,No reliable curative bactericide; copper has limited effect,Scout for early wilt and remove promptly
Potato,Bacterial Wilt,Bacterial Wilt (Ralstonia solanacearum),High,Vascular browning with sticky bacterial stream from stem sections,On Potato: Reduce soil moisture extremes and eliminate adjacent hosts,Biological soil health programs to reduce pathogen fitness,No reliable curative bactericide; copper has limited effect,Scout for early wilt and remove promptly
Tomato,Bacterial Wilt,Bacterial Wilt (Ralstonia solanacearum),Critical,Sudden irreversible wilt; milky bacterial ooze from cut stems,On Tomato: Sanitize tools/boots; isolate bay; do not compost symptomatic material,Antagonistic Bacillus soil treatments as suppressants,No reliable curative bactericide; copper has limited effect,Sanitize irrigation and worker pathways
Pepper,Blossom End Rot,Blossom End Rot (calcium translocation disorder),Low,Distal fruit necrosis despite adequate soil calcium,On Pepper: Remove affected fruit and normalize root-zone moisture,Root-health biologicals to improve Ca uptake consistency,Check EC so salts do not block calcium uptake,Even irrigation; adequate soluble calcium in recipe
Strawberry,Blossom End Rot,Blossom End Rot (calcium translocation disorder),Low,Distal fruit necrosis despite adequate soil calcium,On Strawberry: Avoid drought-flood cycles; shade during extreme heat,Root-health biologicals to improve Ca uptake consistency,Foliar/fruit calcium sprays as a temporary aid if labeled,Avoid excess ammonium nitrogen during fruiting
Tomato,Blossom End Rot,Blossom End Rot (calcium translocation disorder),High,Sunken dark leathery patches on fruit blossom end,On Tomato: Remove affected fruit and normalize root-zone moisture,Not a pathogen — biologicals are supportive only,Adjust fertigation salts; not a fungicide problem,Avoid excess ammonium nitrogen during fruiting
Cucumber,Cucumber Mosaic,Cucumber Mosaic Virus (CMV),Medium,Chlorotic mosaic and reduced marketable yield,On Cucumber: Sanitize and replace heavily affected cucumber rows,"Aphid parasitoids (Aphidius) and predators (lacewings, ladybirds)",No viricide available for CMV,Worker hygiene between bays
Lettuce,Cucumber Mosaic,Cucumber Mosaic Virus (CMV),Medium,"Severe mosaic, leaf shoestringing, and fruit mottling",On Lettuce: Remove infected plants; suppress aphid vectors immediately,Banker plants for sustained aphid biocontrol,Tool/surface disinfection between plants,Virus-free seedlings; remove weed reservoirs
Pepper,Cucumber Mosaic,Cucumber Mosaic Virus (CMV),High,"Severe mosaic, leaf shoestringing, and fruit mottling",On Pepper: No curative spray — focus on vector and rogueing,"Aphid parasitoids (Aphidius) and predators (lacewings, ladybirds)",Tool/surface disinfection between plants,Reflective mulches/screens; aphid monitoring
Tomato,Cucumber Mosaic,Cucumber Mosaic Virus (CMV),Medium,Stunting with distorted younger leaves,On Tomato: No curative spray — focus on vector and rogueing,Supportive plant-health biologicals only,Tool/surface disinfection between plants,Reflective mulches/screens; aphid monitoring
Cucumber,Downy Mildew,Downy Mildew (Pseudoperonospora / Peronospora spp.),Critical,"Rapid blighting of young tissue in cool, humid nights",On Cucumber: Dry canopy urgently; remove infected leaves; apply labeled downy mildew product,Cultural drying + soft biologicals at first symptoms,Protectants ahead of cool humid nights,Avoid leaf wetness; improve horizontal airflow
Lettuce,Downy Mildew,Downy Mildew (Pseudoperonospora / Peronospora spp.),Low,"Rapid blighting of young tissue in cool, humid nights",On Lettuce: Quarantine affected rows and tighten dehumidification cycles,Cultural drying + soft biologicals at first symptoms,Protectants ahead of cool humid nights,Resistant cultivars when available; scout leaf undersides
Strawberry,Downy Mildew,Downy Mildew (Pseudoperonospora / Peronospora spp.),Medium,"Rapid blighting of young tissue in cool, humid nights",On Strawberry: Increase night ventilation and start protectant/systemic rotation,Biofungicides as part of an IPM rotation,Protectants ahead of cool humid nights,Avoid leaf wetness; improve horizontal airflow
Tomato,Downy Mildew,Downy Mildew (Pseudoperonospora / Peronospora spp.),Low,"Rapid blighting of young tissue in cool, humid nights",On Tomato: Increase night ventilation and start protectant/systemic rotation,Phosphite-compatible biological programs where labeled,Rotate CAA / QoI / multi-site products per extension guidance,Resistant cultivars when available; scout leaf undersides
Pepper,Early Blight,Early Blight (Alternaria solani),High,Brown lesions with concentric rings on foliage; stem collar lesions possible,"On Pepper: Improve nitrogen balance, prune for airflow, and begin protectant sprays",Trichoderma soil/foliar programs to suppress Alternaria pressure,Use FRAC-diverse programs; avoid consecutive same-mode sprays,Start with disease-free transplants and sanitize benches
Potato,Early Blight,Early Blight (Alternaria solani),Medium,Target-spot concentric rings on older leaves; yellowing and defoliation,On Potato: Sanitate fallen debris and treat remaining canopy preventively,Bacillus-based biofungicides and compost teas where permitted,Use FRAC-diverse programs; avoid consecutive same-mode sprays,Mulch to reduce splash; stake plants; remove senescent lower leaves
Tomato,Early Blight,Early Blight (Alternaria solani),Medium,Brown lesions with concentric rings on foliage; stem collar lesions possible,"On Tomato: Improve nitrogen balance, prune for airflow, and begin protectant sprays",Trichoderma soil/foliar programs to suppress Alternaria pressure,Rotate chlorothalonil / mancozeb-class and labeled SDHI products,Avoid prolonged leaf wetness; balance fertility
Cucumber,Edema,Physiological Leaf Edema (environmental water imbalance),Low,Corky blisters on leaf undersides from excess root pressure,On Cucumber: Raise night temperature slightly and improve dehumidification,Maintain healthy roots to stabilize water uptake,Do not treat as fungal leaf spot,Match irrigation to light/transpiration
Lettuce,Edema,Physiological Leaf Edema (environmental water imbalance),High,Corky blisters on leaf undersides from excess root pressure,On Lettuce: Avoid overwatering on cool cloudy days,Maintain healthy roots to stabilize water uptake,No pesticide indicated,Match irrigation to light/transpiration
Pepper,Edema,Physiological Leaf Edema (environmental water imbalance),High,Raised watery bumps mistaken for pest damage,On Pepper: Raise night temperature slightly and improve dehumidification,Not pathogen-driven; no biocontrol required,No pesticide indicated,Match irrigation to light/transpiration
Tomato,Edema,Physiological Leaf Edema (environmental water imbalance),Medium,Raised watery bumps mistaken for pest damage,On Tomato: Avoid overwatering on cool cloudy days,Pause unnecessary foliar biological sprays until resolved,No pesticide indicated,Prevent high RH with low transpiration nights
Cucumber,Fusarium Wilt,Fusarium Wilt (Fusarium oxysporum),High,One-sided wilting; vascular browning in stem cross-section,On Cucumber: Reduce plant stress and apply biological soil suppressants,Trichoderma and non-pathogenic Fusarium biocontrol strains,Limited curative options; focus on sanitation and resistant varieties,Avoid root injury; rotate bays when possible
Lettuce,Fusarium Wilt,Fusarium Wilt (Fusarium oxysporum),Critical,Stunting and progressive collapse from root-stem vascular infection,On Lettuce: Reduce plant stress and apply biological soil suppressants,Beneficial Bacillus soil inoculants,Limited curative options; focus on sanitation and resistant varieties,Resistant cultivars/rootstocks; clean media and trays
Pepper,Fusarium Wilt,Fusarium Wilt (Fusarium oxysporum),Low,Stunting and progressive collapse from root-stem vascular infection,On Pepper: Reduce plant stress and apply biological soil suppressants,Beneficial Bacillus soil inoculants,Soil treatments only where labels and regulations allow,Avoid root injury; rotate bays when possible
Potato,Fusarium Wilt,Fusarium Wilt (Fusarium oxysporum),High,One-sided wilting; vascular browning in stem cross-section,On Potato: Switch to resistant rootstock/cultivar; sanitize affected beds,Beneficial Bacillus soil inoculants,Limited curative options; focus on sanitation and resistant varieties,Avoid root injury; rotate bays when possible
Strawberry,Fusarium Wilt,Fusarium Wilt (Fusarium oxysporum),Low,Lower leaves yellow then wilt permanently despite moist soil,On Strawberry: Switch to resistant rootstock/cultivar; sanitize affected beds,Beneficial Bacillus soil inoculants,Soil treatments only where labels and regulations allow,Avoid root injury; rotate bays when possible
Tomato,Fusarium Wilt,Fusarium Wilt (Fusarium oxysporum),Medium,One-sided wilting; vascular browning in stem cross-section,On Tomato: Switch to resistant rootstock/cultivar; sanitize affected beds,Beneficial Bacillus soil inoculants,Disinfect tools and irrigation lines thoroughly,Resistant cultivars/rootstocks; clean media and trays
Cucumber,Gray Mold,Gray Mold / Botrytis Blight (Botrytis cinerea),Critical,Soft blossom blight and fruit rot with ash-gray mycelium,On Cucumber: Reduce RH spikes; spot-treat with labeled Botrytis fungicide/biofungicide,Biologicals rotated to reduce chemical reliance,Target flower and fruit zones; respect resistance guidelines,Harvest promptly; remove aborted fruit and petals daily
Lettuce,Gray Mold,Gray Mold / Botrytis Blight (Botrytis cinerea),Medium,"Gray fuzzy sporulation on flowers, fruit, and wounded tissue",On Lettuce: Reduce RH spikes; spot-treat with labeled Botrytis fungicide/biofungicide,Biologicals rotated to reduce chemical reliance,Target flower and fruit zones; respect resistance guidelines,Avoid dense canopies and overnight free moisture
Pepper,Gray Mold,Gray Mold / Botrytis Blight (Botrytis cinerea),High,"Gray fuzzy sporulation on flowers, fruit, and wounded tissue",On Pepper: Sanitize debris and adjust irrigation timing to morning only,Antagonist sprays on senescent tissue hotspots,Target flower and fruit zones; respect resistance guidelines,Avoid dense canopies and overnight free moisture
Potato,Gray Mold,Gray Mold / Botrytis Blight (Botrytis cinerea),Low,Necrotic lesions on petals and stems under high humidity,On Potato: Remove dead flowers and infected fruit; increase ventilation immediately,Trichoderma and Bacillus biofungicides preventively on flowers,Target flower and fruit zones; respect resistance guidelines,Heat + vent pulses to break humidity spikes
Strawberry,Gray Mold,Gray Mold / Botrytis Blight (Botrytis cinerea),High,Soft blossom blight and fruit rot with ash-gray mycelium,On Strawberry: Sanitize debris and adjust irrigation timing to morning only,Trichoderma and Bacillus biofungicides preventively on flowers,Rotate FRAC-coded greenhouse Botrytis fungicides carefully,Harvest promptly; remove aborted fruit and petals daily
Tomato,Gray Mold,Gray Mold / Botrytis Blight (Botrytis cinerea),Critical,Soft blossom blight and fruit rot with ash-gray mycelium,On Tomato: Reduce RH spikes; spot-treat with labeled Botrytis fungicide/biofungicide,Antagonist sprays on senescent tissue hotspots,Target flower and fruit zones; respect resistance guidelines,Harvest promptly; remove aborted fruit and petals daily
Cucumber,Heat Stress,Environmental Heat / VPD Stress Disorder,Low,"Leaf cupping, blossom drop, and sunscald under high temperature",On Cucumber: Increase shading/ventilation; lower daytime setpoints; pulse irrigation,Supportive biostimulants only if labeled for stress mitigation,No fungicide required; avoid phytotoxic sprays in heat,Maintain root moisture without waterlogging
Lettuce,Heat Stress,Environmental Heat / VPD Stress Disorder,High,"Leaf cupping, blossom drop, and sunscald under high temperature",On Lettuce: Run fog/pad cooling if available; avoid midday heavy sprays,Keep biological spray programs off peak heat hours,No fungicide required; avoid phytotoxic sprays in heat,Maintain root moisture without waterlogging
Pepper,Heat Stress,Environmental Heat / VPD Stress Disorder,Medium,Wilting at peak day heat with recovery at night,On Pepper: Increase shading/ventilation; lower daytime setpoints; pulse irrigation,Supportive biostimulants only if labeled for stress mitigation,Anti-stress foliar nutrients only when label-safe,Shade cloth schedules; adequate air exchange
Potato,Heat Stress,Environmental Heat / VPD Stress Disorder,High,Bleached fruit shoulders and stalled growth,On Potato: Increase shading/ventilation; lower daytime setpoints; pulse irrigation,Keep biological spray programs off peak heat hours,Anti-stress foliar nutrients only when label-safe,Maintain root moisture without waterlogging
Strawberry,Heat Stress,Environmental Heat / VPD Stress Disorder,High,Wilting at peak day heat with recovery at night,On Strawberry: Increase shading/ventilation; lower daytime setpoints; pulse irrigation,No pathogen biological needed; maintain root-zone microbial health,Do not apply oils/sulfur under high temperature,Monitor canopy temperature; stage harvests for cooler hours
Tomato,Heat Stress,Environmental Heat / VPD Stress Disorder,Medium,Wilting at peak day heat with recovery at night,On Tomato: Increase shading/ventilation; lower daytime setpoints; pulse irrigation,Supportive biostimulants only if labeled for stress mitigation,Do not apply oils/sulfur under high temperature,Monitor canopy temperature; stage harvests for cooler hours
Potato,Late Blight,Late Blight (Phytophthora infestans),High,"Dark necrotic blotches expanding quickly under cool, wet greenhouse conditions","On Potato: Stop leaf wetness, quarantine bays, and follow extension late-blight alerts",Biological protectants as a soft first response in low-pressure phases,Follow local PHI and resistance-management rules strictly,Keep canopy dry; run fans after irrigation; avoid dense plantings
Tomato,Late Blight,Late Blight (Phytophthora infestans),Critical,"Dark necrotic blotches expanding quickly under cool, wet greenhouse conditions","On Tomato: Stop leaf wetness, quarantine bays, and follow extension late-blight alerts",Copper-alternative biofungicides labeled for Phytophthora where available,Follow local PHI and resistance-management rules strictly,Keep canopy dry; run fans after irrigation; avoid dense plantings
Cucumber,Leaf Spot,Fungal Leaf Spot (Septoria / Cercospora / Alternaria spp.),Medium,Small circular spots with dark borders and chlorotic halos,On Cucumber: Increase airflow and begin a preventive leaf-spot spray rotation,Bacillus subtilis foliar biofungicides,Copper or protectant fungicides labeled for the crop,Space plants for rapid drying; scout weekly
Lettuce,Leaf Spot,Fungal Leaf Spot (Septoria / Cercospora / Alternaria spp.),High,Small circular spots with dark borders and chlorotic halos,On Lettuce: Sanitize debris and avoid wetting foliage during irrigation,Copper-alternative biologicals on a preventive schedule,Copper or protectant fungicides labeled for the crop,Space plants for rapid drying; scout weekly
Pepper,Leaf Spot,Fungal Leaf Spot (Septoria / Cercospora / Alternaria spp.),Critical,Small circular spots with dark borders and chlorotic halos,On Pepper: Remove spotted leaves; apply labeled protectant fungicide,Copper-alternative biologicals on a preventive schedule,Copper or protectant fungicides labeled for the crop,Start clean and avoid working wet plants
Potato,Leaf Spot,Fungal Leaf Spot (Septoria / Cercospora / Alternaria spp.),Medium,Speckled foliage; lower leaves yellow and drop prematurely,On Potato: Increase airflow and begin a preventive leaf-spot spray rotation,Copper-alternative biologicals on a preventive schedule,Rotate multi-site and single-site actives carefully,Space plants for rapid drying; scout weekly
Strawberry,Leaf Spot,Fungal Leaf Spot (Septoria / Cercospora / Alternaria spp.),High,Speckled foliage; lower leaves yellow and drop prematurely,On Strawberry: Increase airflow and begin a preventive leaf-spot spray rotation,Biological protectants during humid weather windows,Apply before forecast high-humidity periods,Start clean and avoid working wet plants
Tomato,Leaf Spot,Fungal Leaf Spot (Septoria / Cercospora / Alternaria spp.),Medium,Speckled foliage; lower leaves yellow and drop prematurely,On Tomato: Remove spotted leaves; apply labeled protectant fungicide,Copper-alternative biologicals on a preventive schedule,Apply before forecast high-humidity periods,Space plants for rapid drying; scout weekly
Cucumber,Mosaic Virus,Mosaic Virus Complex (TMV / CMV / PepMV-related symptoms),Medium,Chlorotic mosaic patterns and uneven fruit color/quality,On Cucumber: Quarantine new plants; replace severely affected blocks,Predator/parasitoid programs to lower aphid/thrips pressure,Disinfect tools with appropriate virucidal sanitizers,Do not touch healthy plants after handling symptomatic ones
Lettuce,Mosaic Virus,Mosaic Virus Complex (TMV / CMV / PepMV-related symptoms),Medium,Stunted growth with blistered or fern-leaf foliage,On Lettuce: Quarantine new plants; replace severely affected blocks,Plant health biologicals only as supportive measures,Disinfect tools with appropriate virucidal sanitizers,Virus-free transplants; insect screens; worker hygiene
Pepper,Mosaic Virus,Mosaic Virus Complex (TMV / CMV / PepMV-related symptoms),High,Chlorotic mosaic patterns and uneven fruit color/quality,On Pepper: No curative spray — rogue symptomatic plants and reset hygiene,"No direct antiviral biological; use vector biocontrol (e.g., beneficials vs aphids)",No viricide cures disease; manage vectors with labeled insecticides if required,Control aphids/thrips; remove weed hosts
Potato,Mosaic Virus,Mosaic Virus Complex (TMV / CMV / PepMV-related symptoms),Medium,Chlorotic mosaic patterns and uneven fruit color/quality,On Potato: Remove infected plants; control insect vectors; sanitize hands/tools,Plant health biologicals only as supportive measures,Avoid tobacco products near tomato operations (TMV risk),Virus-free transplants; insect screens; worker hygiene
Strawberry,Mosaic Virus,Mosaic Virus Complex (TMV / CMV / PepMV-related symptoms),Medium,Stunted growth with blistered or fern-leaf foliage,On Strawberry: Quarantine new plants; replace severely affected blocks,Predator/parasitoid programs to lower aphid/thrips pressure,Avoid tobacco products near tomato operations (TMV risk),Virus-free transplants; insect screens; worker hygiene
Tomato,Mosaic Virus,Mosaic Virus Complex (TMV / CMV / PepMV-related symptoms),High,Mottled light/dark green mosaic on leaves; leaf distortion,On Tomato: Remove infected plants; control insect vectors; sanitize hands/tools,Predator/parasitoid programs to lower aphid/thrips pressure,No viricide cures disease; manage vectors with labeled insecticides if required,Do not touch healthy plants after handling symptomatic ones
Cucumber,Nutrient Deficiency,Environmental Nutrient Disorder (N / K / Ca / Mg imbalance),Medium,"Tip burn, blossom-end issues, or pale older leaves from imbalance",On Cucumber: Correct fertigation recipe; verify EC/pH; apply targeted nutrient correction,Mycorrhizae in soil/soilless systems where compatible,Correct pH with approved acids/bases in fertigation,Calibrate injectors weekly; tissue-test when symptoms appear
Lettuce,Nutrient Deficiency,Environmental Nutrient Disorder (N / K / Ca / Mg imbalance),Low,"Tip burn, blossom-end issues, or pale older leaves from imbalance",On Lettuce: Recalibrate dosing pumps and monitor leaf tissue response,"Compost teas only as supplements, not replacements for minerals",Avoid excess single-salt dumping that causes antagonism,Calibrate injectors weekly; tissue-test when symptoms appear
Pepper,Nutrient Deficiency,Environmental Nutrient Disorder (N / K / Ca / Mg imbalance),Low,Interveinal chlorosis or marginal leaf burn without pathogen signs,On Pepper: Correct fertigation recipe; verify EC/pH; apply targeted nutrient correction,Mycorrhizae in soil/soilless systems where compatible,Avoid excess single-salt dumping that causes antagonism,Match recipe to crop (Tomato vs Lettuce differ strongly)
Potato,Nutrient Deficiency,Environmental Nutrient Disorder (N / K / Ca / Mg imbalance),Low,Uniform yellowing or purpling linked to fertigation error,On Potato: Recalibrate dosing pumps and monitor leaf tissue response,Beneficial root microbes to improve nutrient uptake efficiency,Avoid excess single-salt dumping that causes antagonism,Routine EC/pH logging; staged nutrition by crop phase
Strawberry,Nutrient Deficiency,Environmental Nutrient Disorder (N / K / Ca / Mg imbalance),Low,Uniform yellowing or purpling linked to fertigation error,On Strawberry: Flush salts if EC is high; adjust Ca/K balance for fruiting crops,Beneficial root microbes to improve nutrient uptake efficiency,Avoid excess single-salt dumping that causes antagonism,Match recipe to crop (Tomato vs Lettuce differ strongly)
Tomato,Nutrient Deficiency,Environmental Nutrient Disorder (N / K / Ca / Mg imbalance),Low,Uniform yellowing or purpling linked to fertigation error,On Tomato: Correct fertigation recipe; verify EC/pH; apply targeted nutrient correction,Beneficial root microbes to improve nutrient uptake efficiency,Correct pH with approved acids/bases in fertigation,Calibrate injectors weekly; tissue-test when symptoms appear
Cucumber,Powdery Mildew,Powdery Mildew (Oidium / Podosphaera spp.),Medium,White powdery patches on upper leaf surfaces; leaves yellow and curl,"On Cucumber: Improve airflow, prune infected leaves, apply potassium bicarbonate or biofungicide early",Bacillus subtilis or Bacillus amyloliquefaciens foliar sprays,Use labeled strobilurin fungicides only under high pressure; avoid overuse,Keep canopy thin and ventilate after irrigation or fog events
Lettuce,Powdery Mildew,Powdery Mildew (Oidium / Podosphaera spp.),Medium,Flour-like fungal coating on foliage and young stems; reduced vigor,On Lettuce: Remove heavily infected tissue and spray labeled mildew protectant during cool hours,Bacillus subtilis or Bacillus amyloliquefaciens foliar sprays,Rotate sulfur or myclobutanil-group products by FRAC code; observe PHI,Avoid overhead irrigation; scout weekly for first mildew colonies
Pepper,Powdery Mildew,Powdery Mildew (Oidium / Podosphaera spp.),High,Sparse white mycelium on leaves progressing to chlorosis and defoliation,"On Pepper: Isolate dense canopies, reduce leaf wetness, and start a preventive mildew program",Bacillus subtilis or Bacillus amyloliquefaciens foliar sprays,Apply potassium bicarbonate or wettable sulfur early; never mix oil + sulfur,Avoid overhead irrigation; scout weekly for first mildew colonies
Potato,Powdery Mildew,Powdery Mildew (Oidium / Podosphaera spp.),Critical,Flour-like fungal coating on foliage and young stems; reduced vigor,"On Potato: Improve airflow, prune infected leaves, apply potassium bicarbonate or biofungicide early",Potassium bicarbonate / horticultural oil rotation (label-compliant),Apply potassium bicarbonate or wettable sulfur early; never mix oil + sulfur,"Maintain spacing, lower overnight RH, sanitize tools between plants"
Strawberry,Powdery Mildew,Powdery Mildew (Oidium / Podosphaera spp.),High,White powdery patches on upper leaf surfaces; leaves yellow and curl,"On Strawberry: Isolate dense canopies, reduce leaf wetness, and start a preventive mildew program",Potassium bicarbonate / horticultural oil rotation (label-compliant),Apply potassium bicarbonate or wettable sulfur early; never mix oil + sulfur,Avoid overhead irrigation; scout weekly for first mildew colonies
Tomato,Powdery Mildew,Powdery Mildew (Oidium / Podosphaera spp.),High,Flour-like fungal coating on foliage and young stems; reduced vigor,"On Tomato: Improve airflow, prune infected leaves, apply potassium bicarbonate or biofungicide early",Potassium bicarbonate / horticultural oil rotation (label-compliant),Apply potassium bicarbonate or wettable sulfur early; never mix oil + sulfur,"Maintain spacing, lower overnight RH, sanitize tools between plants"
Cucumber,Root Rot,Root Rot (Pythium / Phytophthora / Rhizoctonia complex),Low,Crown discoloration; cucumber plants collapse in poorly drained zones,On Cucumber: Correct overwatering and apply biological root protectant,Mycorrhizae / beneficial microbe drenches for suppression,Spot-drench only after confirming pathogen class,Use sterile media; avoid standing water under benches
Lettuce,Root Rot,Root Rot (Pythium / Phytophthora / Rhizoctonia complex),Medium,Wilting despite moist media; brown soft roots; stunted growth,On Lettuce: Remove severely affected plants; sanitize media and emitters,Mycorrhizae / beneficial microbe drenches for suppression,Spot-drench only after confirming pathogen class,Calibrate irrigation; sanitize trays between cycles
Pepper,Root Rot,Root Rot (Pythium / Phytophthora / Rhizoctonia complex),Critical,Crown discoloration; pepper plants collapse in poorly drained zones,On Pepper: Correct overwatering and apply biological root protectant,Compost-based biologicals in clean media mixes,Rotate oomycete chemistries; do not rely on a single FRAC group,Calibrate irrigation; sanitize trays between cycles
Potato,Root Rot,Root Rot (Pythium / Phytophthora / Rhizoctonia complex),Medium,Wilting despite moist media; brown soft roots; stunted growth,On Potato: Remove severely affected plants; sanitize media and emitters,Compost-based biologicals in clean media mixes,Labeled mefenoxam / propamocarb / etridiazole products as permitted,Calibrate irrigation; sanitize trays between cycles
Strawberry,Root Rot,Root Rot (Pythium / Phytophthora / Rhizoctonia complex),Critical,Wilting despite moist media; brown soft roots; stunted growth,On Strawberry: Remove severely affected plants; sanitize media and emitters,Compost-based biologicals in clean media mixes,Spot-drench only after confirming pathogen class,Use sterile media; avoid standing water under benches
Tomato,Root Rot,Root Rot (Pythium / Phytophthora / Rhizoctonia complex),Critical,Crown discoloration; tomato plants collapse in poorly drained zones,On Tomato: Improve drainage; reduce irrigation; drench with labeled oomycete product,Mycorrhizae / beneficial microbe drenches for suppression,Spot-drench only after confirming pathogen class,Calibrate irrigation; sanitize trays between cycles
Lettuce,Soft Rot,Bacterial Soft Rot (Pectobacterium / Dickeya spp.),Critical,Watery foul-smelling soft tissue collapse on stems or stored organs,On Lettuce: Sanitize harvest knives and cool product promptly,Limited; rely on sanitation and dry handling,Focus on hygiene chemistry rather than plant sprays,Do not over-irrigate near harvest
Pepper,Soft Rot,Bacterial Soft Rot (Pectobacterium / Dickeya spp.),Critical,Rapid liquefaction of infected tissue under high moisture,On Pepper: Reduce free water; discard severely infected heads/tubers,Limited; rely on sanitation and dry handling,Focus on hygiene chemistry rather than plant sprays,Clean crates and cool quickly after picking
Potato,Soft Rot,Bacterial Soft Rot (Pectobacterium / Dickeya spp.),Critical,Watery foul-smelling soft tissue collapse on stems or stored organs,On Potato: Remove rotting tissue; dry the environment; improve sanitation,Beneficial microbes on healthy tissue only as preventives,Follow postharvest sanitation protocols,Do not over-irrigate near harvest
Tomato,Soft Rot,Bacterial Soft Rot (Pectobacterium / Dickeya spp.),Critical,Watery foul-smelling soft tissue collapse on stems or stored organs,On Tomato: Sanitize harvest knives and cool product promptly,Beneficial microbes on healthy tissue only as preventives,Disinfectants on tools/surfaces; copper of limited value on soft rot,Clean crates and cool quickly after picking
Pepper,Tomato Yellow Leaf Curl,Tomato Yellow Leaf Curl Virus (TYLCV),Medium,Bushy stunted pepper plants after whitefly outbreaks,On Pepper: Install/repair insect screens; remove symptomatic tomatoes promptly,Banker-plant strategies where established,No chemical cure for the virus itself,Resistant cultivars; sealed greenhouse openings
Tomato,Tomato Yellow Leaf Curl,Tomato Yellow Leaf Curl Virus (TYLCV),Medium,Small chlorotic leaflets and reduced fruit set,On Tomato: Install/repair insect screens; remove symptomatic tomatoes promptly,Mirid predators as part of IPM whitefly programs,Use oils/soaps where compatible; avoid resistance buildup,Yellow sticky traps; weed-host removal
Cucumber,Anthracnose,Anthracnose (Colletotrichum spp.),Medium,Sunken circular fruit lesions with salmon-colored spore masses,On Cucumber: Harvest carefully; remove infected fruit; apply labeled anthracnose fungicide,Bacillus foliar programs during fruiting,Follow PHI closely near harvest,Avoid wounding fruit; keep ripening zone dry
Pepper,Anthracnose,Anthracnose (Colletotrichum spp.),Medium,Sunken circular fruit lesions with salmon-colored spore masses,On Pepper: Reduce fruit wetness and begin protective sprays on ripening crop,Biological protectants on flowers and young fruit,Follow PHI closely near harvest,Use drip irrigation and adequate plant spacing
Strawberry,Anthracnose,Anthracnose (Colletotrichum spp.),Medium,Sunken circular fruit lesions with salmon-colored spore masses,On Strawberry: Harvest carefully; remove infected fruit; apply labeled anthracnose fungicide,Cultural sanitation plus soft biologicals,Protect ripening fruit ahead of humid spells,Use drip irrigation and adequate plant spacing
Tomato,Anthracnose,Anthracnose (Colletotrichum spp.),Medium,Dark leaf and stem spots; fruit rot near harvest,On Tomato: Sanitize harvest tools and cull symptomatic berries/fruit,Biological protectants on flowers and young fruit,Follow PHI closely near harvest,Avoid wounding fruit; keep ripening zone dry
Pepper,Bacterial Canker,Bacterial Canker (Clavibacter michiganensis),Critical,Unilateral leaflet necrosis and open stem lesions,On Pepper: Restrict pruning during wet periods; disinfect knives constantly,Limited options; beneficials support plant resilience only,Emphasize disinfectant protocols for structures and tools,Certified seed; hot-water seed treatment where recommended
Tomato,Bacterial Canker,Bacterial Canker (Clavibacter michiganensis),Critical,"Wilting leaflets, bird's-eye fruit spots, stem cankers",On Tomato: Isolate affected rows and replace contaminated media if needed,No strong curative biological control available,Emphasize disinfectant protocols for structures and tools,Certified seed; hot-water seed treatment where recommended
Cucumber,Bacterial Leaf Spot,Bacterial Leaf Spot (Xanthomonas / Pseudomonas spp.),High,Water-soaked leaf spots becoming necrotic with yellow halos,On Cucumber: Sanitize benches and reduce humidity spikes after irrigation,Phyllosphere beneficial sprays preventively,Avoid phytotoxic overuse; follow greenhouse crop labels,Disease-free seed/transplants; minimize splash
Lettuce,Bacterial Leaf Spot,Bacterial Leaf Spot (Xanthomonas / Pseudomonas spp.),Medium,Small dark foliar spots spreading after splash irrigation,On Lettuce: Stop working wet plants; remove infected leaves; apply labeled copper program,Phyllosphere beneficial sprays preventively,Rotate with biologicals to reduce copper load,Disinfect tools between plants; keep walkways dry
Pepper,Bacterial Leaf Spot,Bacterial Leaf Spot (Xanthomonas / Pseudomonas spp.),Medium,Water-soaked leaf spots becoming necrotic with yellow halos,On Pepper: Stop working wet plants; remove infected leaves; apply labeled copper program,Copper-alternative biologicals labeled for bacterial diseases,Avoid phytotoxic overuse; follow greenhouse crop labels,Avoid dense wet canopies overnight
Strawberry,Bacterial Leaf Spot,Bacterial Leaf Spot (Xanthomonas / Pseudomonas spp.),High,Water-soaked leaf spots becoming necrotic with yellow halos,On Strawberry: Improve drying time and begin copper + biological rotation,Phyllosphere beneficial sprays preventively,Avoid phytotoxic overuse; follow greenhouse crop labels,Disinfect tools between plants; keep walkways dry
Tomato,Bacterial Leaf Spot,Bacterial Leaf Spot (Xanthomonas / Pseudomonas spp.),Critical,Greasy angular lesions; fruit scabbing on tomato/pepper,On Tomato: Improve drying time and begin copper + biological rotation,Copper-alternative biologicals labeled for bacterial diseases,Fixed-copper bactericides on a preventive humid-weather schedule,Disease-free seed/transplants; minimize splash
Pepper,Bacterial Wilt,Bacterial Wilt (Ralstonia solanacearum),High,Vascular browning with sticky bacterial stream from stem sections,On Pepper: Reduce soil moisture extremes and eliminate adjacent hosts,No strong curative biological; emphasize exclusion,Follow regional quarantine and disposal guidance,Scout for early wilt and remove promptly
Potato,Bacterial Wilt,Bacterial Wilt (Ralstonia solanacearum),High,Vascular browning with sticky bacterial stream from stem sections,On Potato: Sanitize tools/boots; isolate bay; do not compost symptomatic material,Antagonistic Bacillus soil treatments as suppressants,Follow regional quarantine and disposal guidance,Certified clean planting material; avoid infested media
Tomato,Bacterial Wilt,Bacterial Wilt (Ralstonia solanacearum),Critical,Rapid plant collapse without major leaf spotting,On Tomato: Uproot and destroy infected plants; restrict water movement between zones,No strong curative biological; emphasize exclusion,No reliable curative bactericide; copper has limited effect,Sanitize irrigation and worker pathways
Pepper,Blossom End Rot,Blossom End Rot (calcium translocation disorder),Medium,Fruit lesions linked to irregular irrigation and high VPD,On Pepper: Remove affected fruit and normalize root-zone moisture,Not a pathogen — biologicals are supportive only,Foliar/fruit calcium sprays as a temporary aid if labeled,Even irrigation; adequate soluble calcium in recipe
Strawberry,Blossom End Rot,Blossom End Rot (calcium translocation disorder),Low,Sunken dark leathery patches on fruit blossom end,On Strawberry: Stabilize irrigation; correct Ca supply and K:Ca ratio,Not a pathogen — biologicals are supportive only,Check EC so salts do not block calcium uptake,Avoid excess ammonium nitrogen during fruiting
Tomato,Blossom End Rot,Blossom End Rot (calcium translocation disorder),Low,Distal fruit necrosis despite adequate soil calcium,On Tomato: Avoid drought-flood cycles; shade during extreme heat,Not a pathogen — biologicals are supportive only,Foliar/fruit calcium sprays as a temporary aid if labeled,Maintain stable daytime VPD
Cucumber,Cucumber Mosaic,Cucumber Mosaic Virus (CMV),High,Chlorotic mosaic and reduced marketable yield,On Cucumber: No curative spray — focus on vector and rogueing,Supportive plant-health biologicals only,Tool/surface disinfection between plants,Reflective mulches/screens; aphid monitoring
Lettuce,Cucumber Mosaic,Cucumber Mosaic Virus (CMV),Critical,"Severe mosaic, leaf shoestringing, and fruit mottling",On Lettuce: No curative spray — focus on vector and rogueing,"Aphid parasitoids (Aphidius) and predators (lacewings, ladybirds)",No viricide available for CMV,Worker hygiene between bays
Pepper,Cucumber Mosaic,Cucumber Mosaic Virus (CMV),Critical,"Severe mosaic, leaf shoestringing, and fruit mottling",On Pepper: Remove infected plants; suppress aphid vectors immediately,"Aphid parasitoids (Aphidius) and predators (lacewings, ladybirds)",Aphid management products if thresholds exceeded,Reflective mulches/screens; aphid monitoring
Tomato,Cucumber Mosaic,Cucumber Mosaic Virus (CMV),Critical,Stunting with distorted younger leaves,On Tomato: Sanitize and replace heavily affected cucumber rows,Banker plants for sustained aphid biocontrol,No viricide available for CMV,Worker hygiene between bays
Cucumber,Downy Mildew,Downy Mildew (Pseudoperonospora / Peronospora spp.),Critical,"Rapid blighting of young tissue in cool, humid nights",On Cucumber: Dry canopy urgently; remove infected leaves; apply labeled downy mildew product,Phosphite-compatible biological programs where labeled,Protectants ahead of cool humid nights,Avoid leaf wetness; improve horizontal airflow
Lettuce,Downy Mildew,Downy Mildew (Pseudoperonospora / Peronospora spp.),Critical,Oil-spot appearance on upper leaf surface with fuzzy underside growth,On Lettuce: Dry canopy urgently; remove infected leaves; apply labeled downy mildew product,Cultural drying + soft biologicals at first symptoms,Use labeled downy mildew fungicides with strict FRAC rotation,Resistant cultivars when available; scout leaf undersides
Strawberry,Downy Mildew,Downy Mildew (Pseudoperonospora / Peronospora spp.),Critical,Oil-spot appearance on upper leaf surface with fuzzy underside growth,On Strawberry: Quarantine affected rows and tighten dehumidification cycles,Biofungicides as part of an IPM rotation,Rotate CAA / QoI / multi-site products per extension guidance,Irrigate mornings only; sanitize after outbreaks
Tomato,Downy Mildew,Downy Mildew (Pseudoperonospora / Peronospora spp.),Medium,Oil-spot appearance on upper leaf surface with fuzzy underside growth,On Tomato: Dry canopy urgently; remove infected leaves; apply labeled downy mildew product,Cultural drying + soft biologicals at first symptoms,Use labeled downy mildew fungicides with strict FRAC rotation,Avoid leaf wetness; improve horizontal airflow
Pepper,Early Blight,Early Blight (Alternaria solani),Low,Brown lesions with concentric rings on foliage; stem collar lesions possible,On Pepper: Remove lower infected leaves; apply labeled Alternaria fungicide rotation,Biological protectants in rotation with cultural controls,Rotate chlorothalonil / mancozeb-class and labeled SDHI products,Start with disease-free transplants and sanitize benches
Potato,Early Blight,Early Blight (Alternaria solani),Low,Brown lesions with concentric rings on foliage; stem collar lesions possible,On Potato: Sanitate fallen debris and treat remaining canopy preventively,Biological protectants in rotation with cultural controls,Apply protectants before extended humid periods,Start with disease-free transplants and sanitize benches
Tomato,Early Blight,Early Blight (Alternaria solani),Medium,Lower-canopy leaf spots expanding upward under warm humid conditions,On Tomato: Remove lower infected leaves; apply labeled Alternaria fungicide rotation,Biological protectants in rotation with cultural controls,Rotate chlorothalonil / mancozeb-class and labeled SDHI products,Start with disease-free transplants and sanitize benches
Cucumber,Edema,Physiological Leaf Edema (environmental water imbalance),Medium,Corky blisters on leaf undersides from excess root pressure,On Cucumber: Reduce night irrigation; increase airflow; balance root vs leaf moisture,Maintain healthy roots to stabilize water uptake,Focus on climate and irrigation corrections,Match irrigation to light/transpiration
Lettuce,Edema,Physiological Leaf Edema (environmental water imbalance),Medium,Corky blisters on leaf undersides from excess root pressure,On Lettuce: Reduce night irrigation; increase airflow; balance root vs leaf moisture,Pause unnecessary foliar biological sprays until resolved,Focus on climate and irrigation corrections,Train staff to distinguish edema from infection
Pepper,Edema,Physiological Leaf Edema (environmental water imbalance),High,Raised watery bumps mistaken for pest damage,On Pepper: Reduce night irrigation; increase airflow; balance root vs leaf moisture,Not pathogen-driven; no biocontrol required,Do not treat as fungal leaf spot,Prevent high RH with low transpiration nights
Tomato,Edema,Physiological Leaf Edema (environmental water imbalance),High,Leaf undersurface callusing after humid cool nights,On Tomato: Reduce night irrigation; increase airflow; balance root vs leaf moisture,Not pathogen-driven; no biocontrol required,Focus on climate and irrigation corrections,Prevent high RH with low transpiration nights
Cucumber,Fusarium Wilt,Fusarium Wilt (Fusarium oxysporum),Critical,Lower leaves yellow then wilt permanently despite moist soil,On Cucumber: Remove wilted plants with roots; avoid moving infested soil,Compost-based suppressiveness programs,Disinfect tools and irrigation lines thoroughly,Quarantine new transplants until scouted
Lettuce,Fusarium Wilt,Fusarium Wilt (Fusarium oxysporum),Critical,One-sided wilting; vascular browning in stem cross-section,On Lettuce: Remove wilted plants with roots; avoid moving infested soil,Compost-based suppressiveness programs,Soil treatments only where labels and regulations allow,Resistant cultivars/rootstocks; clean media and trays
Pepper,Fusarium Wilt,Fusarium Wilt (Fusarium oxysporum),High,Lower leaves yellow then wilt permanently despite moist soil,On Pepper: Reduce plant stress and apply biological soil suppressants,Beneficial Bacillus soil inoculants,Limited curative options; focus on sanitation and resistant varieties,Quarantine new transplants until scouted
Potato,Fusarium Wilt,Fusarium Wilt (Fusarium oxysporum),Low,Lower leaves yellow then wilt permanently despite moist soil,On Potato: Switch to resistant rootstock/cultivar; sanitize affected beds,Compost-based suppressiveness programs,Disinfect tools and irrigation lines thoroughly,Resistant cultivars/rootstocks; clean media and trays
Strawberry,Fusarium Wilt,Fusarium Wilt (Fusarium oxysporum),Low,Stunting and progressive collapse from root-stem vascular infection,On Strawberry: Reduce plant stress and apply biological soil suppressants,Compost-based suppressiveness programs,Limited curative options; focus on sanitation and resistant varieties,Avoid root injury; rotate bays when possible
Tomato,Fusarium Wilt,Fusarium Wilt (Fusarium oxysporum),High,One-sided wilting; vascular browning in stem cross-section,On Tomato: Remove wilted plants with roots; avoid moving infested soil,Compost-based suppressiveness programs,Limited curative options; focus on sanitation and resistant varieties,Avoid root injury; rotate bays when possible
Cucumber,Gray Mold,Gray Mold / Botrytis Blight (Botrytis cinerea),Medium,Soft blossom blight and fruit rot with ash-gray mycelium,On Cucumber: Remove dead flowers and infected fruit; increase ventilation immediately,Antagonist sprays on senescent tissue hotspots,Target flower and fruit zones; respect resistance guidelines,Heat + vent pulses to break humidity spikes
Lettuce,Gray Mold,Gray Mold / Botrytis Blight (Botrytis cinerea),High,Necrotic lesions on petals and stems under high humidity,On Lettuce: Sanitize debris and adjust irrigation timing to morning only,Biologicals rotated to reduce chemical reliance,Target flower and fruit zones; respect resistance guidelines,Heat + vent pulses to break humidity spikes
Pepper,Gray Mold,Gray Mold / Botrytis Blight (Botrytis cinerea),High,"Gray fuzzy sporulation on flowers, fruit, and wounded tissue",On Pepper: Sanitize debris and adjust irrigation timing to morning only,Biologicals rotated to reduce chemical reliance,Rotate FRAC-coded greenhouse Botrytis fungicides carefully,Harvest promptly; remove aborted fruit and petals daily
Potato,Gray Mold,Gray Mold / Botrytis Blight (Botrytis cinerea),High,Soft blossom blight and fruit rot with ash-gray mycelium,On Potato: Remove dead flowers and infected fruit; increase ventilation immediately,Trichoderma and Bacillus biofungicides preventively on flowers,Target flower and fruit zones; respect resistance guidelines,Heat + vent pulses to break humidity spikes
Strawberry,Gray Mold,Gray Mold / Botrytis Blight (Botrytis cinerea),Medium,Soft blossom blight and fruit rot with ash-gray mycelium,On Strawberry: Sanitize debris and adjust irrigation timing to morning only,Antagonist sprays on senescent tissue hotspots,Rotate FRAC-coded greenhouse Botrytis fungicides carefully,Harvest promptly; remove aborted fruit and petals daily
Tomato,Gray Mold,Gray Mold / Botrytis Blight (Botrytis cinerea),Low,"Gray fuzzy sporulation on flowers, fruit, and wounded tissue",On Tomato: Sanitize debris and adjust irrigation timing to morning only,Biologicals rotated to reduce chemical reliance,Target flower and fruit zones; respect resistance guidelines,Harvest promptly; remove aborted fruit and petals daily
Cucumber,Heat Stress,Environmental Heat / VPD Stress Disorder,High,"Leaf cupping, blossom drop, and sunscald under high temperature",On Cucumber: Run fog/pad cooling if available; avoid midday heavy sprays,Keep biological spray programs off peak heat hours,No fungicide required; avoid phytotoxic sprays in heat,Shade cloth schedules; adequate air exchange
Lettuce,Heat Stress,Environmental Heat / VPD Stress Disorder,Low,Bleached fruit shoulders and stalled growth,On Lettuce: Increase shading/ventilation; lower daytime setpoints; pulse irrigation,Keep biological spray programs off peak heat hours,No fungicide required; avoid phytotoxic sprays in heat,Maintain root moisture without waterlogging
Pepper,Heat Stress,Environmental Heat / VPD Stress Disorder,Medium,Wilting at peak day heat with recovery at night,On Pepper: Adjust VPD targets and protect fruit from direct hot radiation,Keep biological spray programs off peak heat hours,Do not apply oils/sulfur under high temperature,Monitor canopy temperature; stage harvests for cooler hours
Potato,Heat Stress,Environmental Heat / VPD Stress Disorder,Medium,"Leaf cupping, blossom drop, and sunscald under high temperature",On Potato: Adjust VPD targets and protect fruit from direct hot radiation,Supportive biostimulants only if labeled for stress mitigation,No fungicide required; avoid phytotoxic sprays in heat,Shade cloth schedules; adequate air exchange
Strawberry,Heat Stress,Environmental Heat / VPD Stress Disorder,Low,Wilting at peak day heat with recovery at night,On Strawberry: Run fog/pad cooling if available; avoid midday heavy sprays,Supportive biostimulants only if labeled for stress mitigation,Anti-stress foliar nutrients only when label-safe,Maintain root moisture without waterlogging
Tomato,Heat Stress,Environmental Heat / VPD Stress Disorder,Medium,Wilting at peak day heat with recovery at night,On Tomato: Adjust VPD targets and protect fruit from direct hot radiation,No pathogen biological needed; maintain root-zone microbial health,Do not apply oils/sulfur under high temperature,Shade cloth schedules; adequate air exchange
Potato,Late Blight,Late Blight (Phytophthora infestans),Critical,"Dark necrotic blotches expanding quickly under cool, wet greenhouse conditions","On Potato: Stop leaf wetness, quarantine bays, and follow extension late-blight alerts",Copper-alternative biofungicides labeled for Phytophthora where available,Follow local PHI and resistance-management rules strictly,Certified clean transplants; eliminate cull piles and volunteer hosts
Tomato,Late Blight,Late Blight (Phytophthora infestans),Critical,Water-soaked lesions turning brown/black with white sporulation on leaf undersides,"On Tomato: Cull symptomatic plants, sanitize zones, and apply protectant + systemic rotation",Copper-alternative biofungicides labeled for Phytophthora where available,Rotate FRAC groups; include labeled systemics when risk is extreme,Keep canopy dry; run fans after irrigation; avoid dense plantings
Cucumber,Leaf Spot,Fungal Leaf Spot (Septoria / Cercospora / Alternaria spp.),High,Numerous leaf lesions coalescing into blighted areas,On Cucumber: Sanitize debris and avoid wetting foliage during irrigation,Copper-alternative biologicals on a preventive schedule,Rotate multi-site and single-site actives carefully,Space plants for rapid drying; scout weekly
Lettuce,Leaf Spot,Fungal Leaf Spot (Septoria / Cercospora / Alternaria spp.),Low,Small circular spots with dark borders and chlorotic halos,On Lettuce: Remove spotted leaves; apply labeled protectant fungicide,Bacillus subtilis foliar biofungicides,Apply before forecast high-humidity periods,Drip irrigation only; remove lower canopy debris
Pepper,Leaf Spot,Fungal Leaf Spot (Septoria / Cercospora / Alternaria spp.),High,Speckled foliage; lower leaves yellow and drop prematurely,On Pepper: Remove spotted leaves; apply labeled protectant fungicide,Copper-alternative biologicals on a preventive schedule,Rotate multi-site and single-site actives carefully,Drip irrigation only; remove lower canopy debris
Potato,Leaf Spot,Fungal Leaf Spot (Septoria / Cercospora / Alternaria spp.),High,Numerous leaf lesions coalescing into blighted areas,On Potato: Increase airflow and begin a preventive leaf-spot spray rotation,Copper-alternative biologicals on a preventive schedule,Apply before forecast high-humidity periods,Space plants for rapid drying; scout weekly
Strawberry,Leaf Spot,Fungal Leaf Spot (Septoria / Cercospora / Alternaria spp.),Low,Numerous leaf lesions coalescing into blighted areas,On Strawberry: Increase airflow and begin a preventive leaf-spot spray rotation,Copper-alternative biologicals on a preventive schedule,Apply before forecast high-humidity periods,Start clean and avoid working wet plants
Tomato,Leaf Spot,Fungal Leaf Spot (Septoria / Cercospora / Alternaria spp.),High,Speckled foliage; lower leaves yellow and drop prematurely,On Tomato: Remove spotted leaves; apply labeled protectant fungicide,Bacillus subtilis foliar biofungicides,Rotate multi-site and single-site actives carefully,Space plants for rapid drying; scout weekly
Cucumber,Mosaic Virus,Mosaic Virus Complex (TMV / CMV / PepMV-related symptoms),Medium,Chlorotic mosaic patterns and uneven fruit color/quality,On Cucumber: Remove infected plants; control insect vectors; sanitize hands/tools,"No direct antiviral biological; use vector biocontrol (e.g., beneficials vs aphids)",Disinfect tools with appropriate virucidal sanitizers,Control aphids/thrips; remove weed hosts
Lettuce,Mosaic Virus,Mosaic Virus Complex (TMV / CMV / PepMV-related symptoms),Medium,Stunted growth with blistered or fern-leaf foliage,On Lettuce: Remove infected plants; control insect vectors; sanitize hands/tools,Predator/parasitoid programs to lower aphid/thrips pressure,No viricide cures disease; manage vectors with labeled insecticides if required,Control aphids/thrips; remove weed hosts
Pepper,Mosaic Virus,Mosaic Virus Complex (TMV / CMV / PepMV-related symptoms),Critical,Chlorotic mosaic patterns and uneven fruit color/quality,On Pepper: No curative spray — rogue symptomatic plants and reset hygiene,Predator/parasitoid programs to lower aphid/thrips pressure,Avoid tobacco products near tomato operations (TMV risk),Virus-free transplants; insect screens; worker hygiene
Potato,Mosaic Virus,Mosaic Virus Complex (TMV / CMV / PepMV-related symptoms),High,Stunted growth with blistered or fern-leaf foliage,On Potato: Remove infected plants; control insect vectors; sanitize hands/tools,Plant health biologicals only as supportive measures,No viricide cures disease; manage vectors with labeled insecticides if required,Control aphids/thrips; remove weed hosts
Strawberry,Mosaic Virus,Mosaic Virus Complex (TMV / CMV / PepMV-related symptoms),Medium,Mottled light/dark green mosaic on leaves; leaf distortion,On Strawberry: Quarantine new plants; replace severely affected blocks,Plant health biologicals only as supportive measures,No viricide cures disease; manage vectors with labeled insecticides if required,Do not touch healthy plants after handling symptomatic ones
Tomato,Mosaic Virus,Mosaic Virus Complex (TMV / CMV / PepMV-related symptoms),Medium,Stunted growth with blistered or fern-leaf foliage,On Tomato: No curative spray — rogue symptomatic plants and reset hygiene,Predator/parasitoid programs to lower aphid/thrips pressure,No viricide cures disease; manage vectors with labeled insecticides if required,Do not touch healthy plants after handling symptomatic ones
Cucumber,Nutrient Deficiency,Environmental Nutrient Disorder (N / K / Ca / Mg imbalance),High,"Tip burn, blossom-end issues, or pale older leaves from imbalance",On Cucumber: Flush salts if EC is high; adjust Ca/K balance for fruiting crops,Beneficial root microbes to improve nutrient uptake efficiency,Avoid excess single-salt dumping that causes antagonism,Calibrate injectors weekly; tissue-test when symptoms appear
Lettuce,Nutrient Deficiency,Environmental Nutrient Disorder (N / K / Ca / Mg imbalance),High,Interveinal chlorosis or marginal leaf burn without pathogen signs,On Lettuce: Correct fertigation recipe; verify EC/pH; apply targeted nutrient correction,Beneficial root microbes to improve nutrient uptake efficiency,Not a pathogen — use soluble fertilizers / chelates as labeled,Match recipe to crop (Tomato vs Lettuce differ strongly)
Pepper,Nutrient Deficiency,Environmental Nutrient Disorder (N / K / Ca / Mg imbalance),High,"Tip burn, blossom-end issues, or pale older leaves from imbalance",On Pepper: Flush salts if EC is high; adjust Ca/K balance for fruiting crops,"Compost teas only as supplements, not replacements for minerals",Not a pathogen — use soluble fertilizers / chelates as labeled,Calibrate injectors weekly; tissue-test when symptoms appear
Potato,Nutrient Deficiency,Environmental Nutrient Disorder (N / K / Ca / Mg imbalance),Low,Interveinal chlorosis or marginal leaf burn without pathogen signs,On Potato: Recalibrate dosing pumps and monitor leaf tissue response,"Compost teas only as supplements, not replacements for minerals",Not a pathogen — use soluble fertilizers / chelates as labeled,Match recipe to crop (Tomato vs Lettuce differ strongly)
Strawberry,Nutrient Deficiency,Environmental Nutrient Disorder (N / K / Ca / Mg imbalance),Low,Uniform yellowing or purpling linked to fertigation error,On Strawberry: Correct fertigation recipe; verify EC/pH; apply targeted nutrient correction,"Compost teas only as supplements, not replacements for minerals",Not a pathogen — use soluble fertilizers / chelates as labeled,Match recipe to crop (Tomato vs Lettuce differ strongly)
Tomato,Nutrient Deficiency,Environmental Nutrient Disorder (N / K / Ca / Mg imbalance),Low,"Tip burn, blossom-end issues, or pale older leaves from imbalance",On Tomato: Correct fertigation recipe; verify EC/pH; apply targeted nutrient correction,"Compost teas only as supplements, not replacements for minerals",Not a pathogen — use soluble fertilizers / chelates as labeled,Match recipe to crop (Tomato vs Lettuce differ strongly)
Cucumber,Powdery Mildew,Powdery Mildew (Oidium / Podosphaera spp.),Medium,Sparse white mycelium on leaves progressing to chlorosis and defoliation,On Cucumber: Remove heavily infected tissue and spray labeled mildew protectant during cool hours,Trichoderma-based protectants on foliage where crop label allows,Rotate sulfur or myclobutanil-group products by FRAC code; observe PHI,Keep canopy thin and ventilate after irrigation or fog events
Lettuce,Powdery Mildew,Powdery Mildew (Oidium / Podosphaera spp.),Medium,Flour-like fungal coating on foliage and young stems; reduced vigor,"On Lettuce: Isolate dense canopies, reduce leaf wetness, and start a preventive mildew program",Trichoderma-based protectants on foliage where crop label allows,Rotate sulfur or myclobutanil-group products by FRAC code; observe PHI,Avoid overhead irrigation; scout weekly for first mildew colonies
Pepper,Powdery Mildew,Powdery Mildew (Oidium / Podosphaera spp.),High,Flour-like fungal coating on foliage and young stems; reduced vigor,On Pepper: Remove heavily infected tissue and spray labeled mildew protectant during cool hours,Trichoderma-based protectants on foliage where crop label allows,Rotate sulfur or myclobutanil-group products by FRAC code; observe PHI,Avoid overhead irrigation; scout weekly for first mildew colonies
Potato,Powdery Mildew,Powdery Mildew (Oidium / Podosphaera spp.),High,Sparse white mycelium on leaves progressing to chlorosis and defoliation,"On Potato: Isolate dense canopies, reduce leaf wetness, and start a preventive mildew program",Trichoderma-based protectants on foliage where crop label allows,Use labeled strobilurin fungicides only under high pressure; avoid overuse,Avoid overhead irrigation; scout weekly for first mildew colonies
Strawberry,Powdery Mildew,Powdery Mildew (Oidium / Podosphaera spp.),High,White powdery patches on upper leaf surfaces; leaves yellow and curl,"On Strawberry: Isolate dense canopies, reduce leaf wetness, and start a preventive mildew program",Trichoderma-based protectants on foliage where crop label allows,Apply potassium bicarbonate or wettable sulfur early; never mix oil + sulfur,"Maintain spacing, lower overnight RH, sanitize tools between plants"
Tomato,Powdery Mildew,Powdery Mildew (Oidium / Podosphaera spp.),High,Sparse white mycelium on leaves progressing to chlorosis and defoliation,"On Tomato: Isolate dense canopies, reduce leaf wetness, and start a preventive mildew program",Potassium bicarbonate / horticultural oil rotation (label-compliant),Rotate sulfur or myclobutanil-group products by FRAC code; observe PHI,Keep canopy thin and ventilate after irrigation or fog events
Cucumber,Root Rot,Root Rot (Pythium / Phytophthora / Rhizoctonia complex),Medium,Root tips decayed; foliage chlorotic; uneven stand vigor,On Cucumber: Improve drainage; reduce irrigation; drench with labeled oomycete product,Compost-based biologicals in clean media mixes,Labeled mefenoxam / propamocarb / etridiazole products as permitted,Calibrate irrigation; sanitize trays between cycles
Lettuce,Root Rot,Root Rot (Pythium / Phytophthora / Rhizoctonia complex),High,Crown discoloration; lettuce plants collapse in poorly drained zones,On Lettuce: Remove severely affected plants; sanitize media and emitters,Mycorrhizae / beneficial microbe drenches for suppression,Spot-drench only after confirming pathogen class,Keep root zone oxygenated and within crop-optimal moisture
Pepper,Root Rot,Root Rot (Pythium / Phytophthora / Rhizoctonia complex),Low,Wilting despite moist media; brown soft roots; stunted growth,On Pepper: Correct overwatering and apply biological root protectant,Mycorrhizae / beneficial microbe drenches for suppression,Labeled mefenoxam / propamocarb / etridiazole products as permitted,Use sterile media; avoid standing water under benches
Potato,Root Rot,Root Rot (Pythium / Phytophthora / Rhizoctonia complex),High,Wilting despite moist media; brown soft roots; stunted growth,On Potato: Remove severely affected plants; sanitize media and emitters,Trichoderma harzianum and Bacillus root-zone inoculants,Rotate oomycete chemistries; do not rely on a single FRAC group,Keep root zone oxygenated and within crop-optimal moisture
Strawberry,Root Rot,Root Rot (Pythium / Phytophthora / Rhizoctonia complex),High,Root tips decayed; foliage chlorotic; uneven stand vigor,On Strawberry: Correct overwatering and apply biological root protectant,Mycorrhizae / beneficial microbe drenches for suppression,Spot-drench only after confirming pathogen class,Calibrate irrigation; sanitize trays between cycles
Tomato,Root Rot,Root Rot (Pythium / Phytophthora / Rhizoctonia complex),Low,Crown discoloration; tomato plants collapse in poorly drained zones,On Tomato: Improve drainage; reduce irrigation; drench with labeled oomycete product,Compost-based biologicals in clean media mixes,Labeled mefenoxam / propamocarb / etridiazole products as permitted,Keep root zone oxygenated and within crop-optimal moisture
Lettuce,Soft Rot,Bacterial Soft Rot (Pectobacterium / Dickeya spp.),High,Mushy petiole/stem rot after wounding in wet conditions,On Lettuce: Sanitize harvest knives and cool product promptly,No strong curative biological for soft rot,Focus on hygiene chemistry rather than plant sprays,Avoid wounds; keep foliage and harvest zones dry
Pepper,Soft Rot,Bacterial Soft Rot (Pectobacterium / Dickeya spp.),Medium,Watery foul-smelling soft tissue collapse on stems or stored organs,On Pepper: Sanitize harvest knives and cool product promptly,Limited; rely on sanitation and dry handling,Disinfectants on tools/surfaces; copper of limited value on soft rot,Do not over-irrigate near harvest
Potato,Soft Rot,Bacterial Soft Rot (Pectobacterium / Dickeya spp.),High,Watery foul-smelling soft tissue collapse on stems or stored organs,On Potato: Reduce free water; discard severely infected heads/tubers,No strong curative biological for soft rot,Follow postharvest sanitation protocols,Clean crates and cool quickly after picking
Tomato,Soft Rot,Bacterial Soft Rot (Pectobacterium / Dickeya spp.),Critical,Rapid liquefaction of infected tissue under high moisture,On Tomato: Sanitize harvest knives and cool product promptly,No strong curative biological for soft rot,Disinfectants on tools/surfaces; copper of limited value on soft rot,Clean crates and cool quickly after picking
Pepper,Tomato Yellow Leaf Curl,Tomato Yellow Leaf Curl Virus (TYLCV),Critical,"Upward leaf curling, yellowing margins, severe stunting",On Pepper: Install/repair insect screens; remove symptomatic tomatoes promptly,Mirid predators as part of IPM whitefly programs,Rotate labeled whitefly insecticides carefully to protect beneficials,Resistant cultivars; sealed greenhouse openings
Tomato,Tomato Yellow Leaf Curl,Tomato Yellow Leaf Curl Virus (TYLCV),Critical,Bushy stunted tomato plants after whitefly outbreaks,On Tomato: Reset hygiene and vector monitoring traps,Banker-plant strategies where established,Use oils/soaps where compatible; avoid resistance buildup,Resistant cultivars; sealed greenhouse openings
Cucumber,Anthracnose,Anthracnose (Colletotrichum spp.),Critical,Blackened necrotic lesions on ripe fruit under warm humidity,On Cucumber: Reduce fruit wetness and begin protective sprays on ripening crop,Bacillus foliar programs during fruiting,Rotate QoI / SDHI / multi-site fungicides labeled for anthracnose,Avoid wounding fruit; keep ripening zone dry
Pepper,Anthracnose,Anthracnose (Colletotrichum spp.),Medium,Dark leaf and stem spots; fruit rot near harvest,On Pepper: Sanitize harvest tools and cull symptomatic berries/fruit,Bacillus foliar programs during fruiting,Follow PHI closely near harvest,Avoid wounding fruit; keep ripening zone dry
Strawberry,Anthracnose,Anthracnose (Colletotrichum spp.),Low,Blackened necrotic lesions on ripe fruit under warm humidity,On Strawberry: Sanitize harvest tools and cull symptomatic berries/fruit,Biological protectants on flowers and young fruit,Follow PHI closely near harvest,Use drip irrigation and adequate plant spacing
Tomato,Anthracnose,Anthracnose (Colletotrichum spp.),Medium,Blackened necrotic lesions on ripe fruit under warm humidity,On Tomato: Harvest carefully; remove infected fruit; apply labeled anthracnose fungicide,Cultural sanitation plus soft biologicals,Protect ripening fruit ahead of humid spells,Use drip irrigation and adequate plant spacing
Pepper,Bacterial Canker,Bacterial Canker (Clavibacter michiganensis),High,"Wilting leaflets, bird's-eye fruit spots, stem cankers",On Pepper: Restrict pruning during wet periods; disinfect knives constantly,Limited options; beneficials support plant resilience only,Copper sprays have limited suppression on foliage only,Scout for bird's-eye fruit spots early
Tomato,Bacterial Canker,Bacterial Canker (Clavibacter michiganensis),Medium,Unilateral leaflet necrosis and open stem lesions,On Tomato: Restrict pruning during wet periods; disinfect knives constantly,Sanitation-first approach with optional soft biologicals,Emphasize disinfectant protocols for structures and tools,Strict tool hygiene; avoid plant-to-plant sap transfer
Cucumber,Bacterial Leaf Spot,Bacterial Leaf Spot (Xanthomonas / Pseudomonas spp.),High,Small dark foliar spots spreading after splash irrigation,On Cucumber: Improve drying time and begin copper + biological rotation,Phyllosphere beneficial sprays preventively,Avoid phytotoxic overuse; follow greenhouse crop labels,Disease-free seed/transplants; minimize splash
Lettuce,Bacterial Leaf Spot,Bacterial Leaf Spot (Xanthomonas / Pseudomonas spp.),Critical,Greasy angular lesions; fruit scabbing on tomato/pepper,On Lettuce: Sanitize benches and reduce humidity spikes after irrigation,Copper-alternative biologicals labeled for bacterial diseases,Rotate with biologicals to reduce copper load,Disinfect tools between plants; keep walkways dry
Pepper,Bacterial Leaf Spot,Bacterial Leaf Spot (Xanthomonas / Pseudomonas spp.),High,Small dark foliar spots spreading after splash irrigation,On Pepper: Improve drying time and begin copper + biological rotation,Phyllosphere beneficial sprays preventively,Fixed-copper bactericides on a preventive humid-weather schedule,Disease-free seed/transplants; minimize splash
Strawberry,Bacterial Leaf Spot,Bacterial Leaf Spot (Xanthomonas / Pseudomonas spp.),Medium,Small dark foliar spots spreading after splash irrigation,On Strawberry: Stop working wet plants; remove infected leaves; apply labeled copper program,Phyllosphere beneficial sprays preventively,Fixed-copper bactericides on a preventive humid-weather schedule,Disinfect tools between plants; keep walkways dry
Tomato,Bacterial Leaf Spot,Bacterial Leaf Spot (Xanthomonas / Pseudomonas spp.),Critical,Greasy angular lesions; fruit scabbing on tomato/pepper,On Tomato: Improve drying time and begin copper + biological rotation,Copper-alternative biologicals labeled for bacterial diseases,Fixed-copper bactericides on a preventive humid-weather schedule,Avoid dense wet canopies overnight
Pepper,Bacterial Wilt,Bacterial Wilt (Ralstonia solanacearum),Critical,Sudden irreversible wilt; milky bacterial ooze from cut stems,On Pepper: Reduce soil moisture extremes and eliminate adjacent hosts,Antagonistic Bacillus soil treatments as suppressants,Follow regional quarantine and disposal guidance,Scout for early wilt and remove promptly
Potato,Bacterial Wilt,Bacterial Wilt (Ralstonia solanacearum),High,Vascular browning with sticky bacterial stream from stem sections,On Potato: Reduce soil moisture extremes and eliminate adjacent hosts,Biological soil health programs to reduce pathogen fitness,Focus on sanitation chemistry for tools and surfaces,Sanitize irrigation and worker pathways
Tomato,Bacterial Wilt,Bacterial Wilt (Ralstonia solanacearum),Critical,Rapid plant collapse without major leaf spotting,On Tomato: Reduce soil moisture extremes and eliminate adjacent hosts,Biological soil health programs to reduce pathogen fitness,Follow regional quarantine and disposal guidance,Sanitize irrigation and worker pathways
Pepper,Blossom End Rot,Blossom End Rot (calcium translocation disorder),Low,Sunken dark leathery patches on fruit blossom end,On Pepper: Remove affected fruit and normalize root-zone moisture,Not a pathogen — biologicals are supportive only,Foliar/fruit calcium sprays as a temporary aid if labeled,Avoid excess ammonium nitrogen during fruiting
Strawberry,Blossom End Rot,Blossom End Rot (calcium translocation disorder),Low,Sunken dark leathery patches on fruit blossom end,On Strawberry: Remove affected fruit and normalize root-zone moisture,Root-health biologicals to improve Ca uptake consistency,Check EC so salts do not block calcium uptake,Maintain stable daytime VPD
Tomato,Blossom End Rot,Blossom End Rot (calcium translocation disorder),Low,Distal fruit necrosis despite adequate soil calcium,On Tomato: Remove affected fruit and normalize root-zone moisture,Root-health biologicals to improve Ca uptake consistency,Check EC so salts do not block calcium uptake,Maintain stable daytime VPD
Cucumber,Cucumber Mosaic,Cucumber Mosaic Virus (CMV),Medium,Stunting with distorted younger leaves,On Cucumber: No curative spray — focus on vector and rogueing,Banker plants for sustained aphid biocontrol,Tool/surface disinfection between plants,Reflective mulches/screens; aphid monitoring
Lettuce,Cucumber Mosaic,Cucumber Mosaic Virus (CMV),High,Chlorotic mosaic and reduced marketable yield,On Lettuce: No curative spray — focus on vector and rogueing,Banker plants for sustained aphid biocontrol,No viricide available for CMV,Worker hygiene between bays
Pepper,Cucumber Mosaic,Cucumber Mosaic Virus (CMV),Medium,"Severe mosaic, leaf shoestringing, and fruit mottling",On Pepper: No curative spray — focus on vector and rogueing,Supportive plant-health biologicals only,No viricide available for CMV,Virus-free seedlings; remove weed reservoirs
Tomato,Cucumber Mosaic,Cucumber Mosaic Virus (CMV),Critical,Stunting with distorted younger leaves,On Tomato: Remove infected plants; suppress aphid vectors immediately,"Aphid parasitoids (Aphidius) and predators (lacewings, ladybirds)",Aphid management products if thresholds exceeded,Reflective mulches/screens; aphid monitoring
Cucumber,Downy Mildew,Downy Mildew (Pseudoperonospora / Peronospora spp.),Low,Angular yellow lesions above; gray-purple sporulation beneath leaves,On Cucumber: Quarantine affected rows and tighten dehumidification cycles,Cultural drying + soft biologicals at first symptoms,Use labeled downy mildew fungicides with strict FRAC rotation,Irrigate mornings only; sanitize after outbreaks
Lettuce,Downy Mildew,Downy Mildew (Pseudoperonospora / Peronospora spp.),Critical,Oil-spot appearance on upper leaf surface with fuzzy underside growth,On Lettuce: Dry canopy urgently; remove infected leaves; apply labeled downy mildew product,Cultural drying + soft biologicals at first symptoms,Protectants ahead of cool humid nights,Irrigate mornings only; sanitize after outbreaks
Strawberry,Downy Mildew,Downy Mildew (Pseudoperonospora / Peronospora spp.),High,Angular yellow lesions above; gray-purple sporulation beneath leaves,On Strawberry: Increase night ventilation and start protectant/systemic rotation,Phosphite-compatible biological programs where labeled,Protectants ahead of cool humid nights,Irrigate mornings only; sanitize after outbreaks
Tomato,Downy Mildew,Downy Mildew (Pseudoperonospora / Peronospora spp.),Medium,Oil-spot appearance on upper leaf surface with fuzzy underside growth,On Tomato: Dry canopy urgently; remove infected leaves; apply labeled downy mildew product,Cultural drying + soft biologicals at first symptoms,Protectants ahead of cool humid nights,Irrigate mornings only; sanitize after outbreaks
Pepper,Early Blight,Early Blight (Alternaria solani),Critical,Lower-canopy leaf spots expanding upward under warm humid conditions,On Pepper: Sanitate fallen debris and treat remaining canopy preventively,Trichoderma soil/foliar programs to suppress Alternaria pressure,Apply protectants before extended humid periods,Avoid prolonged leaf wetness; balance fertility
Potato,Early Blight,Early Blight (Alternaria solani),Medium,Brown lesions with concentric rings on foliage; stem collar lesions possible,On Potato: Remove lower infected leaves; apply labeled Alternaria fungicide rotation,Bacillus-based biofungicides and compost teas where permitted,Apply protectants before extended humid periods,Start with disease-free transplants and sanitize benches
Tomato,Early Blight,Early Blight (Alternaria solani),High,Target-spot concentric rings on older leaves; yellowing and defoliation,On Tomato: Sanitate fallen debris and treat remaining canopy preventively,Bacillus-based biofungicides and compost teas where permitted,Use FRAC-diverse programs; avoid consecutive same-mode sprays,Avoid prolonged leaf wetness; balance fertility
Cucumber,Edema,Physiological Leaf Edema (environmental water imbalance),Low,Corky blisters on leaf undersides from excess root pressure,On Cucumber: Reduce night irrigation; increase airflow; balance root vs leaf moisture,Maintain healthy roots to stabilize water uptake,No pesticide indicated,Prevent high RH with low transpiration nights
Lettuce,Edema,Physiological Leaf Edema (environmental water imbalance),Low,Raised watery bumps mistaken for pest damage,On Lettuce: Reduce night irrigation; increase airflow; balance root vs leaf moisture,Not pathogen-driven; no biocontrol required,Focus on climate and irrigation corrections,Match irrigation to light/transpiration
Pepper,Edema,Physiological Leaf Edema (environmental water imbalance),Low,Leaf undersurface callusing after humid cool nights,On Pepper: Raise night temperature slightly and improve dehumidification,Not pathogen-driven; no biocontrol required,Do not treat as fungal leaf spot,Train staff to distinguish edema from infection
Tomato,Edema,Physiological Leaf Edema (environmental water imbalance),High,Raised watery bumps mistaken for pest damage,On Tomato: Avoid overwatering on cool cloudy days,Pause unnecessary foliar biological sprays until resolved,Focus on climate and irrigation corrections,Train staff to distinguish edema from infection
Cucumber,Fusarium Wilt,Fusarium Wilt (Fusarium oxysporum),Medium,One-sided wilting; vascular browning in stem cross-section,On Cucumber: Remove wilted plants with roots; avoid moving infested soil,Compost-based suppressiveness programs,Soil treatments only where labels and regulations allow,Resistant cultivars/rootstocks; clean media and trays
Lettuce,Fusarium Wilt,Fusarium Wilt (Fusarium oxysporum),Medium,Lower leaves yellow then wilt permanently despite moist soil,On Lettuce: Remove wilted plants with roots; avoid moving infested soil,Trichoderma and non-pathogenic Fusarium biocontrol strains,Limited curative options; focus on sanitation and resistant varieties,Resistant cultivars/rootstocks; clean media and trays
Pepper,Fusarium Wilt,Fusarium Wilt (Fusarium oxysporum),Low,One-sided wilting; vascular browning in stem cross-section,On Pepper: Switch to resistant rootstock/cultivar; sanitize affected beds,Trichoderma and non-pathogenic Fusarium biocontrol strains,Soil treatments only where labels and regulations allow,Resistant cultivars/rootstocks; clean media and trays
Potato,Fusarium Wilt,Fusarium Wilt (Fusarium oxysporum),Critical,Lower leaves yellow then wilt permanently despite moist soil,On Potato: Switch to resistant rootstock/cultivar; sanitize affected beds,Compost-based suppressiveness programs,Soil treatments only where labels and regulations allow,Resistant cultivars/rootstocks; clean media and trays
Strawberry,Fusarium Wilt,Fusarium Wilt (Fusarium oxysporum),High,One-sided wilting; vascular browning in stem cross-section,On Strawberry: Reduce plant stress and apply biological soil suppressants,Trichoderma and non-pathogenic Fusarium biocontrol strains,Disinfect tools and irrigation lines thoroughly,Resistant cultivars/rootstocks; clean media and trays
Tomato,Fusarium Wilt,Fusarium Wilt (Fusarium oxysporum),Medium,Lower leaves yellow then wilt permanently despite moist soil,On Tomato: Switch to resistant rootstock/cultivar; sanitize affected beds,Compost-based suppressiveness programs,Soil treatments only where labels and regulations allow,Quarantine new transplants until scouted
Cucumber,Gray Mold,Gray Mold / Botrytis Blight (Botrytis cinerea),Low,"Gray fuzzy sporulation on flowers, fruit, and wounded tissue",On Cucumber: Reduce RH spikes; spot-treat with labeled Botrytis fungicide/biofungicide,Biologicals rotated to reduce chemical reliance,Use protectant + specific Botrytis actives under high pressure,Avoid dense canopies and overnight free moisture
Lettuce,Gray Mold,Gray Mold / Botrytis Blight (Botrytis cinerea),Medium,Necrotic lesions on petals and stems under high humidity,On Lettuce: Reduce RH spikes; spot-treat with labeled Botrytis fungicide/biofungicide,Antagonist sprays on senescent tissue hotspots,Target flower and fruit zones; respect resistance guidelines,Avoid dense canopies and overnight free moisture
Pepper,Gray Mold,Gray Mold / Botrytis Blight (Botrytis cinerea),High,Soft blossom blight and fruit rot with ash-gray mycelium,On Pepper: Reduce RH spikes; spot-treat with labeled Botrytis fungicide/biofungicide,Trichoderma and Bacillus biofungicides preventively on flowers,Target flower and fruit zones; respect resistance guidelines,Harvest promptly; remove aborted fruit and petals daily
Potato,Gray Mold,Gray Mold / Botrytis Blight (Botrytis cinerea),High,"Gray fuzzy sporulation on flowers, fruit, and wounded tissue",On Potato: Remove dead flowers and infected fruit; increase ventilation immediately,Antagonist sprays on senescent tissue hotspots,Rotate FRAC-coded greenhouse Botrytis fungicides carefully,Avoid dense canopies and overnight free moisture
Strawberry,Gray Mold,Gray Mold / Botrytis Blight (Botrytis cinerea),Medium,Soft blossom blight and fruit rot with ash-gray mycelium,On Strawberry: Reduce RH spikes; spot-treat with labeled Botrytis fungicide/biofungicide,Trichoderma and Bacillus biofungicides preventively on flowers,Rotate FRAC-coded greenhouse Botrytis fungicides carefully,Avoid dense canopies and overnight free moisture
Tomato,Gray Mold,Gray Mold / Botrytis Blight (Botrytis cinerea),Medium,Necrotic lesions on petals and stems under high humidity,On Tomato: Remove dead flowers and infected fruit; increase ventilation immediately,Biologicals rotated to reduce chemical reliance,Target flower and fruit zones; respect resistance guidelines,Avoid dense canopies and overnight free moisture
Cucumber,Heat Stress,Environmental Heat / VPD Stress Disorder,Low,Wilting at peak day heat with recovery at night,On Cucumber: Run fog/pad cooling if available; avoid midday heavy sprays,Supportive biostimulants only if labeled for stress mitigation,No fungicide required; avoid phytotoxic sprays in heat,Maintain root moisture without waterlogging
Lettuce,Heat Stress,Environmental Heat / VPD Stress Disorder,High,"Leaf cupping, blossom drop, and sunscald under high temperature",On Lettuce: Run fog/pad cooling if available; avoid midday heavy sprays,Keep biological spray programs off peak heat hours,Anti-stress foliar nutrients only when label-safe,Maintain root moisture without waterlogging
Pepper,Heat Stress,Environmental Heat / VPD Stress Disorder,High,Wilting at peak day heat with recovery at night,On Pepper: Run fog/pad cooling if available; avoid midday heavy sprays,Keep biological spray programs off peak heat hours,Do not apply oils/sulfur under high temperature,Monitor canopy temperature; stage harvests for cooler hours
Potato,Heat Stress,Environmental Heat / VPD Stress Disorder,Low,Bleached fruit shoulders and stalled growth,On Potato: Run fog/pad cooling if available; avoid midday heavy sprays,No pathogen biological needed; maintain root-zone microbial health,No fungicide required; avoid phytotoxic sprays in heat,Monitor canopy temperature; stage harvests for cooler hours
Strawberry,Heat Stress,Environmental Heat / VPD Stress Disorder,Low,Bleached fruit shoulders and stalled growth,On Strawberry: Increase shading/ventilation; lower daytime setpoints; pulse irrigation,Supportive biostimulants only if labeled for stress mitigation,Anti-stress foliar nutrients only when label-safe,Monitor canopy temperature; stage harvests for cooler hours
Tomato,Heat Stress,Environmental Heat / VPD Stress Disorder,Medium,Wilting at peak day heat with recovery at night,On Tomato: Run fog/pad cooling if available; avoid midday heavy sprays,Supportive biostimulants only if labeled for stress mitigation,Do not apply oils/sulfur under high temperature,Shade cloth schedules; adequate air exchange
Potato,Late Blight,Late Blight (Phytophthora infestans),Critical,Rapid foliar collapse; greasy stem lesions; fruit/tuber rot in humid weather,On Potato: Destroy infected debris immediately; tighten spray schedule; dry the canopy,Copper-alternative biofungicides labeled for Phytophthora where available,Follow local PHI and resistance-management rules strictly,Keep canopy dry; run fans after irrigation; avoid dense plantings
Tomato,Late Blight,Late Blight (Phytophthora infestans),Low,"Dark necrotic blotches expanding quickly under cool, wet greenhouse conditions","On Tomato: Cull symptomatic plants, sanitize zones, and apply protectant + systemic rotation",Support plant vigor; avoid excess nitrogen that softens tissue,"Protectants (e.g., chlorothalonil/mancozeb-class where legal) on a tight interval",Monitor cool wet forecasts; remove infected material from the house
Cucumber,Leaf Spot,Fungal Leaf Spot (Septoria / Cercospora / Alternaria spp.),Medium,Speckled foliage; lower leaves yellow and drop prematurely,On Cucumber: Remove spotted leaves; apply labeled protectant fungicide,Bacillus subtilis foliar biofungicides,Apply before forecast high-humidity periods,Space plants for rapid drying; scout weekly
Lettuce,Leaf Spot,Fungal Leaf Spot (Septoria / Cercospora / Alternaria spp.),Medium,Numerous leaf lesions coalescing into blighted areas,On Lettuce: Sanitize debris and avoid wetting foliage during irrigation,Bacillus subtilis foliar biofungicides,Rotate multi-site and single-site actives carefully,Space plants for rapid drying; scout weekly
Pepper,Leaf Spot,Fungal Leaf Spot (Septoria / Cercospora / Alternaria spp.),Medium,Speckled foliage; lower leaves yellow and drop prematurely,On Pepper: Remove spotted leaves; apply labeled protectant fungicide,Copper-alternative biologicals on a preventive schedule,Rotate multi-site and single-site actives carefully,Start clean and avoid working wet plants
Potato,Leaf Spot,Fungal Leaf Spot (Septoria / Cercospora / Alternaria spp.),High,Small circular spots with dark borders and chlorotic halos,On Potato: Increase airflow and begin a preventive leaf-spot spray rotation,Copper-alternative biologicals on a preventive schedule,Rotate multi-site and single-site actives carefully,Drip irrigation only; remove lower canopy debris
Strawberry,Leaf Spot,Fungal Leaf Spot (Septoria / Cercospora / Alternaria spp.),Medium,Small circular spots with dark borders and chlorotic halos,On Strawberry: Increase airflow and begin a preventive leaf-spot spray rotation,Copper-alternative biologicals on a preventive schedule,Apply before forecast high-humidity periods,Space plants for rapid drying; scout weekly
Tomato,Leaf Spot,Fungal Leaf Spot (Septoria / Cercospora / Alternaria spp.),Critical,Speckled foliage; lower leaves yellow and drop prematurely,On Tomato: Increase airflow and begin a preventive leaf-spot spray rotation,Bacillus subtilis foliar biofungicides,Copper or protectant fungicides labeled for the crop,Drip irrigation only; remove lower canopy debris
Cucumber,Mosaic Virus,Mosaic Virus Complex (TMV / CMV / PepMV-related symptoms),Medium,Mottled light/dark green mosaic on leaves; leaf distortion,On Cucumber: Quarantine new plants; replace severely affected blocks,Predator/parasitoid programs to lower aphid/thrips pressure,Avoid tobacco products near tomato operations (TMV risk),Do not touch healthy plants after handling symptomatic ones
Lettuce,Mosaic Virus,Mosaic Virus Complex (TMV / CMV / PepMV-related symptoms),Medium,Chlorotic mosaic patterns and uneven fruit color/quality,On Lettuce: No curative spray — rogue symptomatic plants and reset hygiene,Plant health biologicals only as supportive measures,Disinfect tools with appropriate virucidal sanitizers,Do not touch healthy plants after handling symptomatic ones
Pepper,Mosaic Virus,Mosaic Virus Complex (TMV / CMV / PepMV-related symptoms),High,Mottled light/dark green mosaic on leaves; leaf distortion,On Pepper: No curative spray — rogue symptomatic plants and reset hygiene,Plant health biologicals only as supportive measures,Avoid tobacco products near tomato operations (TMV risk),Do not touch healthy plants after handling symptomatic ones
Potato,Mosaic Virus,Mosaic Virus Complex (TMV / CMV / PepMV-related symptoms),High,Stunted growth with blistered or fern-leaf foliage,On Potato: No curative spray — rogue symptomatic plants and reset hygiene,Plant health biologicals only as supportive measures,Disinfect tools with appropriate virucidal sanitizers,Virus-free transplants; insect screens; worker hygiene
Strawberry,Mosaic Virus,Mosaic Virus Complex (TMV / CMV / PepMV-related symptoms),High,Mottled light/dark green mosaic on leaves; leaf distortion,On Strawberry: Remove infected plants; control insect vectors; sanitize hands/tools,Plant health biologicals only as supportive measures,Avoid tobacco products near tomato operations (TMV risk),Control aphids/thrips; remove weed hosts
Tomato,Mosaic Virus,Mosaic Virus Complex (TMV / CMV / PepMV-related symptoms),Critical,Chlorotic mosaic patterns and uneven fruit color/quality,On Tomato: No curative spray — rogue symptomatic plants and reset hygiene,Plant health biologicals only as supportive measures,Avoid tobacco products near tomato operations (TMV risk),Control aphids/thrips; remove weed hosts
Cucumber,Nutrient Deficiency,Environmental Nutrient Disorder (N / K / Ca / Mg imbalance),High,Interveinal chlorosis or marginal leaf burn without pathogen signs,On Cucumber: Correct fertigation recipe; verify EC/pH; apply targeted nutrient correction,"Compost teas only as supplements, not replacements for minerals",Avoid excess single-salt dumping that causes antagonism,Match recipe to crop (Tomato vs Lettuce differ strongly)
Lettuce,Nutrient Deficiency,Environmental Nutrient Disorder (N / K / Ca / Mg imbalance),Low,Interveinal chlorosis or marginal leaf burn without pathogen signs,On Lettuce: Recalibrate dosing pumps and monitor leaf tissue response,Mycorrhizae in soil/soilless systems where compatible,Not a pathogen — use soluble fertilizers / chelates as labeled,Match recipe to crop (Tomato vs Lettuce differ strongly)
Pepper,Nutrient Deficiency,Environmental Nutrient Disorder (N / K / Ca / Mg imbalance),High,Interveinal chlorosis or marginal leaf burn without pathogen signs,On Pepper: Recalibrate dosing pumps and monitor leaf tissue response,Beneficial root microbes to improve nutrient uptake efficiency,Not a pathogen — use soluble fertilizers / chelates as labeled,Calibrate injectors weekly; tissue-test when symptoms appear
Potato,Nutrient Deficiency,Environmental Nutrient Disorder (N / K / Ca / Mg imbalance),Medium,Uniform yellowing or purpling linked to fertigation error,On Potato: Recalibrate dosing pumps and monitor leaf tissue response,Beneficial root microbes to improve nutrient uptake efficiency,Not a pathogen — use soluble fertilizers / chelates as labeled,Routine EC/pH logging; staged nutrition by crop phase
Strawberry,Nutrient Deficiency,Environmental Nutrient Disorder (N / K / Ca / Mg imbalance),Medium,"Tip burn, blossom-end issues, or pale older leaves from imbalance",On Strawberry: Recalibrate dosing pumps and monitor leaf tissue response,"Compost teas only as supplements, not replacements for minerals",Avoid excess single-salt dumping that causes antagonism,Calibrate injectors weekly; tissue-test when symptoms appear
Tomato,Nutrient Deficiency,Environmental Nutrient Disorder (N / K / Ca / Mg imbalance),Medium,Uniform yellowing or purpling linked to fertigation error,On Tomato: Correct fertigation recipe; verify EC/pH; apply targeted nutrient correction,Mycorrhizae in soil/soilless systems where compatible,Avoid excess single-salt dumping that causes antagonism,Routine EC/pH logging; staged nutrition by crop phase
Cucumber,Powdery Mildew,Powdery Mildew (Oidium / Podosphaera spp.),Medium,Flour-like fungal coating on foliage and young stems; reduced vigor,"On Cucumber: Isolate dense canopies, reduce leaf wetness, and start a preventive mildew program",Potassium bicarbonate / horticultural oil rotation (label-compliant),Use labeled strobilurin fungicides only under high pressure; avoid overuse,Keep canopy thin and ventilate after irrigation or fog events
Lettuce,Powdery Mildew,Powdery Mildew (Oidium / Podosphaera spp.),Critical,Sparse white mycelium on leaves progressing to chlorosis and defoliation,"On Lettuce: Isolate dense canopies, reduce leaf wetness, and start a preventive mildew program",Potassium bicarbonate / horticultural oil rotation (label-compliant),Apply potassium bicarbonate or wettable sulfur early; never mix oil + sulfur,Avoid overhead irrigation; scout weekly for first mildew colonies
Pepper,Powdery Mildew,Powdery Mildew (Oidium / Podosphaera spp.),Critical,White powdery patches on upper leaf surfaces; leaves yellow and curl,On Pepper: Remove heavily infected tissue and spray labeled mildew protectant during cool hours,Trichoderma-based protectants on foliage where crop label allows,Rotate sulfur or myclobutanil-group products by FRAC code; observe PHI,Keep canopy thin and ventilate after irrigation or fog events
Potato,Powdery Mildew,Powdery Mildew (Oidium / Podosphaera spp.),Medium,Flour-like fungal coating on foliage and young stems; reduced vigor,On Potato: Remove heavily infected tissue and spray labeled mildew protectant during cool hours,Potassium bicarbonate / horticultural oil rotation (label-compliant),Use labeled strobilurin fungicides only under high pressure; avoid overuse,Avoid overhead irrigation; scout weekly for first mildew colonies
Strawberry,Powdery Mildew,Powdery Mildew (Oidium / Podosphaera spp.),Critical,Sparse white mycelium on leaves progressing to chlorosis and defoliation,"On Strawberry: Isolate dense canopies, reduce leaf wetness, and start a preventive mildew program",Trichoderma-based protectants on foliage where crop label allows,Use labeled strobilurin fungicides only under high pressure; avoid overuse,Keep canopy thin and ventilate after irrigation or fog events
Tomato,Powdery Mildew,Powdery Mildew (Oidium / Podosphaera spp.),High,Flour-like fungal coating on foliage and young stems; reduced vigor,On Tomato: Remove heavily infected tissue and spray labeled mildew protectant during cool hours,Bacillus subtilis or Bacillus amyloliquefaciens foliar sprays,Use labeled strobilurin fungicides only under high pressure; avoid overuse,Keep canopy thin and ventilate after irrigation or fog events
Cucumber,Root Rot,Root Rot (Pythium / Phytophthora / Rhizoctonia complex),Low,Root tips decayed; foliage chlorotic; uneven stand vigor,On Cucumber: Remove severely affected plants; sanitize media and emitters,Mycorrhizae / beneficial microbe drenches for suppression,Labeled mefenoxam / propamocarb / etridiazole products as permitted,Calibrate irrigation; sanitize trays between cycles
Lettuce,Root Rot,Root Rot (Pythium / Phytophthora / Rhizoctonia complex),Low,Wilting despite moist media; brown soft roots; stunted growth,On Lettuce: Correct overwatering and apply biological root protectant,Compost-based biologicals in clean media mixes,Spot-drench only after confirming pathogen class,Calibrate irrigation; sanitize trays between cycles
Pepper,Root Rot,Root Rot (Pythium / Phytophthora / Rhizoctonia complex),Critical,Crown discoloration; pepper plants collapse in poorly drained zones,On Pepper: Remove severely affected plants; sanitize media and emitters,Mycorrhizae / beneficial microbe drenches for suppression,Spot-drench only after confirming pathogen class,Keep root zone oxygenated and within crop-optimal moisture
Potato,Root Rot,Root Rot (Pythium / Phytophthora / Rhizoctonia complex),High,Wilting despite moist media; brown soft roots; stunted growth,On Potato: Improve drainage; reduce irrigation; drench with labeled oomycete product,Compost-based biologicals in clean media mixes,Spot-drench only after confirming pathogen class,Use sterile media; avoid standing water under benches
Strawberry,Root Rot,Root Rot (Pythium / Phytophthora / Rhizoctonia complex),High,Crown discoloration; strawberry plants collapse in poorly drained zones,On Strawberry: Remove severely affected plants; sanitize media and emitters,Mycorrhizae / beneficial microbe drenches for suppression,Rotate oomycete chemistries; do not rely on a single FRAC group,Calibrate irrigation; sanitize trays between cycles
Tomato,Root Rot,Root Rot (Pythium / Phytophthora / Rhizoctonia complex),High,Wilting despite moist media; brown soft roots; stunted growth,On Tomato: Improve drainage; reduce irrigation; drench with labeled oomycete product,Mycorrhizae / beneficial microbe drenches for suppression,Rotate oomycete chemistries; do not rely on a single FRAC group,Use sterile media; avoid standing water under benches
Lettuce,Soft Rot,Bacterial Soft Rot (Pectobacterium / Dickeya spp.),High,Mushy petiole/stem rot after wounding in wet conditions,On Lettuce: Remove rotting tissue; dry the environment; improve sanitation,No strong curative biological for soft rot,Focus on hygiene chemistry rather than plant sprays,Clean crates and cool quickly after picking
Pepper,Soft Rot,Bacterial Soft Rot (Pectobacterium / Dickeya spp.),Medium,Watery foul-smelling soft tissue collapse on stems or stored organs,On Pepper: Reduce free water; discard severely infected heads/tubers,Beneficial microbes on healthy tissue only as preventives,Disinfectants on tools/surfaces; copper of limited value on soft rot,Do not over-irrigate near harvest
Potato,Soft Rot,Bacterial Soft Rot (Pectobacterium / Dickeya spp.),Medium,Rapid liquefaction of infected tissue under high moisture,On Potato: Remove rotting tissue; dry the environment; improve sanitation,Limited; rely on sanitation and dry handling,Focus on hygiene chemistry rather than plant sprays,Clean crates and cool quickly after picking
Tomato,Soft Rot,Bacterial Soft Rot (Pectobacterium / Dickeya spp.),High,Mushy petiole/stem rot after wounding in wet conditions,On Tomato: Reduce free water; discard severely infected heads/tubers,Beneficial microbes on healthy tissue only as preventives,Focus on hygiene chemistry rather than plant sprays,Do not over-irrigate near harvest
Pepper,Tomato Yellow Leaf Curl,Tomato Yellow Leaf Curl Virus (TYLCV),Critical,Bushy stunted pepper plants after whitefly outbreaks,On Pepper: Install/repair insect screens; remove symptomatic tomatoes promptly,Banker-plant strategies where established,No chemical cure for the virus itself,Yellow sticky traps; weed-host removal
Tomato,Tomato Yellow Leaf Curl,Tomato Yellow Leaf Curl Virus (TYLCV),Medium,"Upward leaf curling, yellowing margins, severe stunting",On Tomato: Install/repair insect screens; remove symptomatic tomatoes promptly,Banker-plant strategies where established,Rotate labeled whitefly insecticides carefully to protect beneficials,Resistant cultivars; sealed greenhouse openings
Cucumber,Anthracnose,Anthracnose (Colletotrichum spp.),Medium,Sunken circular fruit lesions with salmon-colored spore masses,On Cucumber: Sanitize harvest tools and cull symptomatic berries/fruit,Biological protectants on flowers and young fruit,Follow PHI closely near harvest,Remove mummified fruit; clean harvest containers
Pepper,Anthracnose,Anthracnose (Colletotrichum spp.),Low,Sunken circular fruit lesions with salmon-colored spore masses,On Pepper: Harvest carefully; remove infected fruit; apply labeled anthracnose fungicide,Cultural sanitation plus soft biologicals,Rotate QoI / SDHI / multi-site fungicides labeled for anthracnose,Remove mummified fruit; clean harvest containers
Strawberry,Anthracnose,Anthracnose (Colletotrichum spp.),Critical,Sunken circular fruit lesions with salmon-colored spore masses,On Strawberry: Sanitize harvest tools and cull symptomatic berries/fruit,Bacillus foliar programs during fruiting,Rotate QoI / SDHI / multi-site fungicides labeled for anthracnose,Use drip irrigation and adequate plant spacing
Tomato,Anthracnose,Anthracnose (Colletotrichum spp.),Critical,Blackened necrotic lesions on ripe fruit under warm humidity,On Tomato: Harvest carefully; remove infected fruit; apply labeled anthracnose fungicide,Biological protectants on flowers and young fruit,Rotate QoI / SDHI / multi-site fungicides labeled for anthracnose,Avoid wounding fruit; keep ripening zone dry
Pepper,Bacterial Canker,Bacterial Canker (Clavibacter michiganensis),Critical,Marginal leaf scorch with vascular discoloration,On Pepper: Remove infected plants entirely; sanitize greenhouse thoroughly,No strong curative biological control available,No systemic curative bactericide for canker,Scout for bird's-eye fruit spots early
Tomato,Bacterial Canker,Bacterial Canker (Clavibacter michiganensis),Medium,"Wilting leaflets, bird's-eye fruit spots, stem cankers",On Tomato: Isolate affected rows and replace contaminated media if needed,No strong curative biological control available,Emphasize disinfectant protocols for structures and tools,Strict tool hygiene; avoid plant-to-plant sap transfer
Cucumber,Bacterial Leaf Spot,Bacterial Leaf Spot (Xanthomonas / Pseudomonas spp.),Medium,Greasy angular lesions; fruit scabbing on tomato/pepper,On Cucumber: Stop working wet plants; remove infected leaves; apply labeled copper program,Bacillus antagonists and induced-resistance products,Avoid phytotoxic overuse; follow greenhouse crop labels,Avoid dense wet canopies overnight
Lettuce,Bacterial Leaf Spot,Bacterial Leaf Spot (Xanthomonas / Pseudomonas spp.),Medium,Water-soaked leaf spots becoming necrotic with yellow halos,On Lettuce: Improve drying time and begin copper + biological rotation,Phyllosphere beneficial sprays preventively,Fixed-copper bactericides on a preventive humid-weather schedule,Disinfect tools between plants; keep walkways dry
Pepper,Bacterial Leaf Spot,Bacterial Leaf Spot (Xanthomonas / Pseudomonas spp.),Critical,Greasy angular lesions; fruit scabbing on tomato/pepper,On Pepper: Improve drying time and begin copper + biological rotation,Phyllosphere beneficial sprays preventively,Avoid phytotoxic overuse; follow greenhouse crop labels,Disease-free seed/transplants; minimize splash
Strawberry,Bacterial Leaf Spot,Bacterial Leaf Spot (Xanthomonas / Pseudomonas spp.),High,Greasy angular lesions; fruit scabbing on tomato/pepper,On Strawberry: Sanitize benches and reduce humidity spikes after irrigation,Copper-alternative biologicals labeled for bacterial diseases,Avoid phytotoxic overuse; follow greenhouse crop labels,Disinfect tools between plants; keep walkways dry
Tomato,Bacterial Leaf Spot,Bacterial Leaf Spot (Xanthomonas / Pseudomonas spp.),Medium,Greasy angular lesions; fruit scabbing on tomato/pepper,On Tomato: Stop working wet plants; remove infected leaves; apply labeled copper program,Phyllosphere beneficial sprays preventively,Rotate with biologicals to reduce copper load,Disease-free seed/transplants; minimize splash
Pepper,Bacterial Wilt,Bacterial Wilt (Ralstonia solanacearum),Medium,Vascular browning with sticky bacterial stream from stem sections,On Pepper: Sanitize tools/boots; isolate bay; do not compost symptomatic material,No strong curative biological; emphasize exclusion,Follow regional quarantine and disposal guidance,Scout for early wilt and remove promptly
Potato,Bacterial Wilt,Bacterial Wilt (Ralstonia solanacearum),Critical,Sudden irreversible wilt; milky bacterial ooze from cut stems,On Potato: Sanitize tools/boots; isolate bay; do not compost symptomatic material,No strong curative biological; emphasize exclusion,No reliable curative bactericide; copper has limited effect,Scout for early wilt and remove promptly
Tomato,Bacterial Wilt,Bacterial Wilt (Ralstonia solanacearum),Medium,Vascular browning with sticky bacterial stream from stem sections,On Tomato: Uproot and destroy infected plants; restrict water movement between zones,Biological soil health programs to reduce pathogen fitness,Follow regional quarantine and disposal guidance,Certified clean planting material; avoid infested media
Pepper,Blossom End Rot,Blossom End Rot (calcium translocation disorder),Low,Sunken dark leathery patches on fruit blossom end,On Pepper: Stabilize irrigation; correct Ca supply and K:Ca ratio,Root-health biologicals to improve Ca uptake consistency,Foliar/fruit calcium sprays as a temporary aid if labeled,Avoid excess ammonium nitrogen during fruiting
Strawberry,Blossom End Rot,Blossom End Rot (calcium translocation disorder),High,Sunken dark leathery patches on fruit blossom end,On Strawberry: Stabilize irrigation; correct Ca supply and K:Ca ratio,Not a pathogen — biologicals are supportive only,Adjust fertigation salts; not a fungicide problem,Avoid excess ammonium nitrogen during fruiting
Tomato,Blossom End Rot,Blossom End Rot (calcium translocation disorder),Medium,Fruit lesions linked to irregular irrigation and high VPD,On Tomato: Stabilize irrigation; correct Ca supply and K:Ca ratio,Root-health biologicals to improve Ca uptake consistency,Foliar/fruit calcium sprays as a temporary aid if labeled,Maintain stable daytime VPD
Cucumber,Cucumber Mosaic,Cucumber Mosaic Virus (CMV),Critical,Stunting with distorted younger leaves,On Cucumber: Sanitize and replace heavily affected cucumber rows,Banker plants for sustained aphid biocontrol,Tool/surface disinfection between plants,Worker hygiene between bays
Lettuce,Cucumber Mosaic,Cucumber Mosaic Virus (CMV),Critical,Chlorotic mosaic and reduced marketable yield,On Lettuce: Remove infected plants; suppress aphid vectors immediately,Banker plants for sustained aphid biocontrol,Aphid management products if thresholds exceeded,Virus-free seedlings; remove weed reservoirs
Pepper,Cucumber Mosaic,Cucumber Mosaic Virus (CMV),Critical,"Severe mosaic, leaf shoestringing, and fruit mottling",On Pepper: No curative spray — focus on vector and rogueing,Supportive plant-health biologicals only,Aphid management products if thresholds exceeded,Virus-free seedlings; remove weed reservoirs
Tomato,Cucumber Mosaic,Cucumber Mosaic Virus (CMV),Critical,"Severe mosaic, leaf shoestringing, and fruit mottling",On Tomato: No curative spray — focus on vector and rogueing,"Aphid parasitoids (Aphidius) and predators (lacewings, ladybirds)",Tool/surface disinfection between plants,Worker hygiene between bays
Cucumber,Downy Mildew,Downy Mildew (Pseudoperonospora / Peronospora spp.),Low,Oil-spot appearance on upper leaf surface with fuzzy underside growth,On Cucumber: Dry canopy urgently; remove infected leaves; apply labeled downy mildew product,Phosphite-compatible biological programs where labeled,Use labeled downy mildew fungicides with strict FRAC rotation,Avoid leaf wetness; improve horizontal airflow
Lettuce,Downy Mildew,Downy Mildew (Pseudoperonospora / Peronospora spp.),Low,"Rapid blighting of young tissue in cool, humid nights",On Lettuce: Quarantine affected rows and tighten dehumidification cycles,Biofungicides as part of an IPM rotation,Rotate CAA / QoI / multi-site products per extension guidance,Resistant cultivars when available; scout leaf undersides
Strawberry,Downy Mildew,Downy Mildew (Pseudoperonospora / Peronospora spp.),Critical,"Rapid blighting of young tissue in cool, humid nights",On Strawberry: Increase night ventilation and start protectant/systemic rotation,Cultural drying + soft biologicals at first symptoms,Rotate CAA / QoI / multi-site products per extension guidance,Resistant cultivars when available; scout leaf undersides
Tomato,Downy Mildew,Downy Mildew (Pseudoperonospora / Peronospora spp.),Low,Oil-spot appearance on upper leaf surface with fuzzy underside growth,On Tomato: Quarantine affected rows and tighten dehumidification cycles,Biofungicides as part of an IPM rotation,Rotate CAA / QoI / multi-site products per extension guidance,Resistant cultivars when available; scout leaf undersides
Pepper,Early Blight,Early Blight (Alternaria solani),Medium,Lower-canopy leaf spots expanding upward under warm humid conditions,On Pepper: Remove lower infected leaves; apply labeled Alternaria fungicide rotation,Bacillus-based biofungicides and compost teas where permitted,Use FRAC-diverse programs; avoid consecutive same-mode sprays,Avoid prolonged leaf wetness; balance fertility
Potato,Early Blight,Early Blight (Alternaria solani),Critical,Brown lesions with concentric rings on foliage; stem collar lesions possible,On Potato: Remove lower infected leaves; apply labeled Alternaria fungicide rotation,Bacillus-based biofungicides and compost teas where permitted,Rotate chlorothalonil / mancozeb-class and labeled SDHI products,Start with disease-free transplants and sanitize benches
Tomato,Early Blight,Early Blight (Alternaria solani),Low,Brown lesions with concentric rings on foliage; stem collar lesions possible,On Tomato: Remove lower infected leaves; apply labeled Alternaria fungicide rotation,Bacillus-based biofungicides and compost teas where permitted,Use FRAC-diverse programs; avoid consecutive same-mode sprays,Avoid prolonged leaf wetness; balance fertility
Cucumber,Edema,Physiological Leaf Edema (environmental water imbalance),Medium,Leaf undersurface callusing after humid cool nights,On Cucumber: Reduce night irrigation; increase airflow; balance root vs leaf moisture,Maintain healthy roots to stabilize water uptake,No pesticide indicated,Train staff to distinguish edema from infection
Lettuce,Edema,Physiological Leaf Edema (environmental water imbalance),High,Raised watery bumps mistaken for pest damage,On Lettuce: Avoid overwatering on cool cloudy days,Pause unnecessary foliar biological sprays until resolved,Do not treat as fungal leaf spot,Prevent high RH with low transpiration nights
Pepper,Edema,Physiological Leaf Edema (environmental water imbalance),High,Corky blisters on leaf undersides from excess root pressure,On Pepper: Reduce night irrigation; increase airflow; balance root vs leaf moisture,Pause unnecessary foliar biological sprays until resolved,Focus on climate and irrigation corrections,Match irrigation to light/transpiration
Tomato,Edema,Physiological Leaf Edema (environmental water imbalance),High,Raised watery bumps mistaken for pest damage,On Tomato: Raise night temperature slightly and improve dehumidification,Not pathogen-driven; no biocontrol required,No pesticide indicated,Match irrigation to light/transpiration
Cucumber,Fusarium Wilt,Fusarium Wilt (Fusarium oxysporum),High,Stunting and progressive collapse from root-stem vascular infection,On Cucumber: Reduce plant stress and apply biological soil suppressants,Trichoderma and non-pathogenic Fusarium biocontrol strains,Disinfect tools and irrigation lines thoroughly,Avoid root injury; rotate bays when possible
Lettuce,Fusarium Wilt,Fusarium Wilt (Fusarium oxysporum),High,One-sided wilting; vascular browning in stem cross-section,On Lettuce: Remove wilted plants with roots; avoid moving infested soil,Compost-based suppressiveness programs,Soil treatments only where labels and regulations allow,Quarantine new transplants until scouted
Pepper,Fusarium Wilt,Fusarium Wilt (Fusarium oxysporum),Medium,Stunting and progressive collapse from root-stem vascular infection,On Pepper: Switch to resistant rootstock/cultivar; sanitize affected beds,Compost-based suppressiveness programs,Soil treatments only where labels and regulations allow,Resistant cultivars/rootstocks; clean media and trays
Potato,Fusarium Wilt,Fusarium Wilt (Fusarium oxysporum),Critical,Stunting and progressive collapse from root-stem vascular infection,On Potato: Remove wilted plants with roots; avoid moving infested soil,Trichoderma and non-pathogenic Fusarium biocontrol strains,Disinfect tools and irrigation lines thoroughly,Resistant cultivars/rootstocks; clean media and trays
Strawberry,Fusarium Wilt,Fusarium Wilt (Fusarium oxysporum),Low,Lower leaves yellow then wilt permanently despite moist soil,On Strawberry: Reduce plant stress and apply biological soil suppressants,Compost-based suppressiveness programs,Disinfect tools and irrigation lines thoroughly,Resistant cultivars/rootstocks; clean media and trays
Tomato,Fusarium Wilt,Fusarium Wilt (Fusarium oxysporum),Low,Stunting and progressive collapse from root-stem vascular infection,On Tomato: Remove wilted plants with roots; avoid moving infested soil,Trichoderma and non-pathogenic Fusarium biocontrol strains,Disinfect tools and irrigation lines thoroughly,Quarantine new transplants until scouted
Cucumber,Gray Mold,Gray Mold / Botrytis Blight (Botrytis cinerea),Low,"Gray fuzzy sporulation on flowers, fruit, and wounded tissue",On Cucumber: Reduce RH spikes; spot-treat with labeled Botrytis fungicide/biofungicide,Antagonist sprays on senescent tissue hotspots,Target flower and fruit zones; respect resistance guidelines,Avoid dense canopies and overnight free moisture
Lettuce,Gray Mold,Gray Mold / Botrytis Blight (Botrytis cinerea),Medium,Soft blossom blight and fruit rot with ash-gray mycelium,On Lettuce: Reduce RH spikes; spot-treat with labeled Botrytis fungicide/biofungicide,Biologicals rotated to reduce chemical reliance,Rotate FRAC-coded greenhouse Botrytis fungicides carefully,Avoid dense canopies and overnight free moisture
Pepper,Gray Mold,Gray Mold / Botrytis Blight (Botrytis cinerea),Low,Necrotic lesions on petals and stems under high humidity,On Pepper: Sanitize debris and adjust irrigation timing to morning only,Biologicals rotated to reduce chemical reliance,Rotate FRAC-coded greenhouse Botrytis fungicides carefully,Avoid dense canopies and overnight free moisture
Potato,Gray Mold,Gray Mold / Botrytis Blight (Botrytis cinerea),Critical,Soft blossom blight and fruit rot with ash-gray mycelium,On Potato: Sanitize debris and adjust irrigation timing to morning only,Trichoderma and Bacillus biofungicides preventively on flowers,Target flower and fruit zones; respect resistance guidelines,Harvest promptly; remove aborted fruit and petals daily
Strawberry,Gray Mold,Gray Mold / Botrytis Blight (Botrytis cinerea),Critical,"Gray fuzzy sporulation on flowers, fruit, and wounded tissue",On Strawberry: Sanitize debris and adjust irrigation timing to morning only,Trichoderma and Bacillus biofungicides preventively on flowers,Use protectant + specific Botrytis actives under high pressure,Harvest promptly; remove aborted fruit and petals daily
Tomato,Gray Mold,Gray Mold / Botrytis Blight (Botrytis cinerea),Medium,Soft blossom blight and fruit rot with ash-gray mycelium,On Tomato: Remove dead flowers and infected fruit; increase ventilation immediately,Biologicals rotated to reduce chemical reliance,Use protectant + specific Botrytis actives under high pressure,Avoid dense canopies and overnight free moisture
Cucumber,Heat Stress,Environmental Heat / VPD Stress Disorder,Medium,Bleached fruit shoulders and stalled growth,On Cucumber: Increase shading/ventilation; lower daytime setpoints; pulse irrigation,Keep biological spray programs off peak heat hours,No fungicide required; avoid phytotoxic sprays in heat,Shade cloth schedules; adequate air exchange
Lettuce,Heat Stress,Environmental Heat / VPD Stress Disorder,High,Bleached fruit shoulders and stalled growth,On Lettuce: Adjust VPD targets and protect fruit from direct hot radiation,No pathogen biological needed; maintain root-zone microbial health,No fungicide required; avoid phytotoxic sprays in heat,Shade cloth schedules; adequate air exchange
Pepper,Heat Stress,Environmental Heat / VPD Stress Disorder,High,"Leaf cupping, blossom drop, and sunscald under high temperature",On Pepper: Run fog/pad cooling if available; avoid midday heavy sprays,Supportive biostimulants only if labeled for stress mitigation,No fungicide required; avoid phytotoxic sprays in heat,Monitor canopy temperature; stage harvests for cooler hours
Potato,Heat Stress,Environmental Heat / VPD Stress Disorder,Medium,Bleached fruit shoulders and stalled growth,On Potato: Increase shading/ventilation; lower daytime setpoints; pulse irrigation,No pathogen biological needed; maintain root-zone microbial health,Anti-stress foliar nutrients only when label-safe,Monitor canopy temperature; stage harvests for cooler hours
Strawberry,Heat Stress,Environmental Heat / VPD Stress Disorder,Low,Wilting at peak day heat with recovery at night,On Strawberry: Increase shading/ventilation; lower daytime setpoints; pulse irrigation,Keep biological spray programs off peak heat hours,Anti-stress foliar nutrients only when label-safe,Monitor canopy temperature; stage harvests for cooler hours
Tomato,Heat Stress,Environmental Heat / VPD Stress Disorder,Medium,Wilting at peak day heat with recovery at night,On Tomato: Adjust VPD targets and protect fruit from direct hot radiation,Supportive biostimulants only if labeled for stress mitigation,Anti-stress foliar nutrients only when label-safe,Monitor canopy temperature; stage harvests for cooler hours
Potato,Late Blight,Late Blight (Phytophthora infestans),Critical,"Dark necrotic blotches expanding quickly under cool, wet greenhouse conditions","On Potato: Stop leaf wetness, quarantine bays, and follow extension late-blight alerts",Copper-alternative biofungicides labeled for Phytophthora where available,Rotate FRAC groups; include labeled systemics when risk is extreme,Monitor cool wet forecasts; remove infected material from the house
Tomato,Late Blight,Late Blight (Phytophthora infestans),Medium,"Dark necrotic blotches expanding quickly under cool, wet greenhouse conditions",On Tomato: Destroy infected debris immediately; tighten spray schedule; dry the canopy,Support plant vigor; avoid excess nitrogen that softens tissue,Follow local PHI and resistance-management rules strictly,Certified clean transplants; eliminate cull piles and volunteer hosts
Cucumber,Leaf Spot,Fungal Leaf Spot (Septoria / Cercospora / Alternaria spp.),High,Speckled foliage; lower leaves yellow and drop prematurely,On Cucumber: Increase airflow and begin a preventive leaf-spot spray rotation,Biological protectants during humid weather windows,Copper or protectant fungicides labeled for the crop,Start clean and avoid working wet plants
Lettuce,Leaf Spot,Fungal Leaf Spot (Septoria / Cercospora / Alternaria spp.),Medium,Small circular spots with dark borders and chlorotic halos,On Lettuce: Remove spotted leaves; apply labeled protectant fungicide,Biological protectants during humid weather windows,Rotate multi-site and single-site actives carefully,Space plants for rapid drying; scout weekly
Pepper,Leaf Spot,Fungal Leaf Spot (Septoria / Cercospora / Alternaria spp.),Medium,Small circular spots with dark borders and chlorotic halos,On Pepper: Sanitize debris and avoid wetting foliage during irrigation,Copper-alternative biologicals on a preventive schedule,Rotate multi-site and single-site actives carefully,Drip irrigation only; remove lower canopy debris
Potato,Leaf Spot,Fungal Leaf Spot (Septoria / Cercospora / Alternaria spp.),Critical,Small circular spots with dark borders and chlorotic halos,On Potato: Increase airflow and begin a preventive leaf-spot spray rotation,Biological protectants during humid weather windows,Copper or protectant fungicides labeled for the crop,Drip irrigation only; remove lower canopy debris
Strawberry,Leaf Spot,Fungal Leaf Spot (Septoria / Cercospora / Alternaria spp.),Low,Small circular spots with dark borders and chlorotic halos,On Strawberry: Sanitize debris and avoid wetting foliage during irrigation,Copper-alternative biologicals on a preventive schedule,Copper or protectant fungicides labeled for the crop,Drip irrigation only; remove lower canopy debris
Tomato,Leaf Spot,Fungal Leaf Spot (Septoria / Cercospora / Alternaria spp.),Critical,Speckled foliage; lower leaves yellow and drop prematurely,On Tomato: Increase airflow and begin a preventive leaf-spot spray rotation,Copper-alternative biologicals on a preventive schedule,Copper or protectant fungicides labeled for the crop,Start clean and avoid working wet plants
Cucumber,Mosaic Virus,Mosaic Virus Complex (TMV / CMV / PepMV-related symptoms),High,Chlorotic mosaic patterns and uneven fruit color/quality,On Cucumber: Remove infected plants; control insect vectors; sanitize hands/tools,"No direct antiviral biological; use vector biocontrol (e.g., beneficials vs aphids)",No viricide cures disease; manage vectors with labeled insecticides if required,Control aphids/thrips; remove weed hosts
Lettuce,Mosaic Virus,Mosaic Virus Complex (TMV / CMV / PepMV-related symptoms),Critical,Chlorotic mosaic patterns and uneven fruit color/quality,On Lettuce: Remove infected plants; control insect vectors; sanitize hands/tools,Predator/parasitoid programs to lower aphid/thrips pressure,No viricide cures disease; manage vectors with labeled insecticides if required,Do not touch healthy plants after handling symptomatic ones
Pepper,Mosaic Virus,Mosaic Virus Complex (TMV / CMV / PepMV-related symptoms),Critical,Mottled light/dark green mosaic on leaves; leaf distortion,On Pepper: No curative spray — rogue symptomatic plants and reset hygiene,Plant health biologicals only as supportive measures,Avoid tobacco products near tomato operations (TMV risk),Control aphids/thrips; remove weed hosts
Potato,Mosaic Virus,Mosaic Virus Complex (TMV / CMV / PepMV-related symptoms),Critical,Chlorotic mosaic patterns and uneven fruit color/quality,On Potato: No curative spray — rogue symptomatic plants and reset hygiene,Predator/parasitoid programs to lower aphid/thrips pressure,Avoid tobacco products near tomato operations (TMV risk),Control aphids/thrips; remove weed hosts
Strawberry,Mosaic Virus,Mosaic Virus Complex (TMV / CMV / PepMV-related symptoms),High,Chlorotic mosaic patterns and uneven fruit color/quality,On Strawberry: Quarantine new plants; replace severely affected blocks,Predator/parasitoid programs to lower aphid/thrips pressure,Disinfect tools with appropriate virucidal sanitizers,Control aphids/thrips; remove weed hosts
Tomato,Mosaic Virus,Mosaic Virus Complex (TMV / CMV / PepMV-related symptoms),Critical,Chlorotic mosaic patterns and uneven fruit color/quality,On Tomato: Remove infected plants; control insect vectors; sanitize hands/tools,Plant health biologicals only as supportive measures,Disinfect tools with appropriate virucidal sanitizers,Virus-free transplants; insect screens; worker hygiene
Cucumber,Nutrient Deficiency,Environmental Nutrient Disorder (N / K / Ca / Mg imbalance),Low,Interveinal chlorosis or marginal leaf burn without pathogen signs,On Cucumber: Flush salts if EC is high; adjust Ca/K balance for fruiting crops,Beneficial root microbes to improve nutrient uptake efficiency,Not a pathogen — use soluble fertilizers / chelates as labeled,Calibrate injectors weekly; tissue-test when symptoms appear
Lettuce,Nutrient Deficiency,Environmental Nutrient Disorder (N / K / Ca / Mg imbalance),Low,Interveinal chlorosis or marginal leaf burn without pathogen signs,On Lettuce: Flush salts if EC is high; adjust Ca/K balance for fruiting crops,"Compost teas only as supplements, not replacements for minerals",Avoid excess single-salt dumping that causes antagonism,Routine EC/pH logging; staged nutrition by crop phase
Pepper,Nutrient Deficiency,Environmental Nutrient Disorder (N / K / Ca / Mg imbalance),Low,Uniform yellowing or purpling linked to fertigation error,On Pepper: Recalibrate dosing pumps and monitor leaf tissue response,"Compost teas only as supplements, not replacements for minerals",Correct pH with approved acids/bases in fertigation,Routine EC/pH logging; staged nutrition by crop phase
Potato,Nutrient Deficiency,Environmental Nutrient Disorder (N / K / Ca / Mg imbalance),Low,Interveinal chlorosis or marginal leaf burn without pathogen signs,On Potato: Correct fertigation recipe; verify EC/pH; apply targeted nutrient correction,Beneficial root microbes to improve nutrient uptake efficiency,Correct pH with approved acids/bases in fertigation,Calibrate injectors weekly; tissue-test when symptoms appear
Strawberry,Nutrient Deficiency,Environmental Nutrient Disorder (N / K / Ca / Mg imbalance),Low,"Tip burn, blossom-end issues, or pale older leaves from imbalance",On Strawberry: Flush salts if EC is high; adjust Ca/K balance for fruiting crops,Mycorrhizae in soil/soilless systems where compatible,Correct pH with approved acids/bases in fertigation,Match recipe to crop (Tomato vs Lettuce differ strongly)
Tomato,Nutrient Deficiency,Environmental Nutrient Disorder (N / K / Ca / Mg imbalance),High,Uniform yellowing or purpling linked to fertigation error,On Tomato: Correct fertigation recipe; verify EC/pH; apply targeted nutrient correction,"Compost teas only as supplements, not replacements for minerals",Avoid excess single-salt dumping that causes antagonism,Routine EC/pH logging; staged nutrition by crop phase
Cucumber,Powdery Mildew,Powdery Mildew (Oidium / Podosphaera spp.),Critical,Sparse white mycelium on leaves progressing to chlorosis and defoliation,On Cucumber: Remove heavily infected tissue and spray labeled mildew protectant during cool hours,Bacillus subtilis or Bacillus amyloliquefaciens foliar sprays,Use labeled strobilurin fungicides only under high pressure; avoid overuse,Keep canopy thin and ventilate after irrigation or fog events
Lettuce,Powdery Mildew,Powdery Mildew (Oidium / Podosphaera spp.),High,Flour-like fungal coating on foliage and young stems; reduced vigor,"On Lettuce: Improve airflow, prune infected leaves, apply potassium bicarbonate or biofungicide early",Bacillus subtilis or Bacillus amyloliquefaciens foliar sprays,Use labeled strobilurin fungicides only under high pressure; avoid overuse,Avoid overhead irrigation; scout weekly for first mildew colonies
Pepper,Powdery Mildew,Powdery Mildew (Oidium / Podosphaera spp.),Medium,Flour-like fungal coating on foliage and young stems; reduced vigor,"On Pepper: Improve airflow, prune infected leaves, apply potassium bicarbonate or biofungicide early",Bacillus subtilis or Bacillus amyloliquefaciens foliar sprays,Rotate sulfur or myclobutanil-group products by FRAC code; observe PHI,"Maintain spacing, lower overnight RH, sanitize tools between plants"
Potato,Powdery Mildew,Powdery Mildew (Oidium / Podosphaera spp.),Medium,Sparse white mycelium on leaves progressing to chlorosis and defoliation,"On Potato: Isolate dense canopies, reduce leaf wetness, and start a preventive mildew program",Bacillus subtilis or Bacillus amyloliquefaciens foliar sprays,Rotate sulfur or myclobutanil-group products by FRAC code; observe PHI,"Maintain spacing, lower overnight RH, sanitize tools between plants"
Strawberry,Powdery Mildew,Powdery Mildew (Oidium / Podosphaera spp.),Low,White powdery patches on upper leaf surfaces; leaves yellow and curl,"On Strawberry: Isolate dense canopies, reduce leaf wetness, and start a preventive mildew program",Bacillus subtilis or Bacillus amyloliquefaciens foliar sprays,Use labeled strobilurin fungicides only under high pressure; avoid overuse,Keep canopy thin and ventilate after irrigation or fog events
Tomato,Powdery Mildew,Powdery Mildew (Oidium / Podosphaera spp.),Medium,Flour-like fungal coating on foliage and young stems; reduced vigor,"On Tomato: Isolate dense canopies, reduce leaf wetness, and start a preventive mildew program",Bacillus subtilis or Bacillus amyloliquefaciens foliar sprays,Apply potassium bicarbonate or wettable sulfur early; never mix oil + sulfur,"Maintain spacing, lower overnight RH, sanitize tools between plants"
Cucumber,Root Rot,Root Rot (Pythium / Phytophthora / Rhizoctonia complex),Low,Crown discoloration; cucumber plants collapse in poorly drained zones,On Cucumber: Improve drainage; reduce irrigation; drench with labeled oomycete product,Mycorrhizae / beneficial microbe drenches for suppression,Spot-drench only after confirming pathogen class,Keep root zone oxygenated and within crop-optimal moisture
Lettuce,Root Rot,Root Rot (Pythium / Phytophthora / Rhizoctonia complex),Critical,Crown discoloration; lettuce plants collapse in poorly drained zones,On Lettuce: Improve drainage; reduce irrigation; drench with labeled oomycete product,Compost-based biologicals in clean media mixes,Spot-drench only after confirming pathogen class,Use sterile media; avoid standing water under benches
Pepper,Root Rot,Root Rot (Pythium / Phytophthora / Rhizoctonia complex),Medium,Crown discoloration; pepper plants collapse in poorly drained zones,On Pepper: Remove severely affected plants; sanitize media and emitters,Trichoderma harzianum and Bacillus root-zone inoculants,Labeled mefenoxam / propamocarb / etridiazole products as permitted,Use sterile media; avoid standing water under benches
Potato,Root Rot,Root Rot (Pythium / Phytophthora / Rhizoctonia complex),High,Wilting despite moist media; brown soft roots; stunted growth,On Potato: Correct overwatering and apply biological root protectant,Compost-based biologicals in clean media mixes,Rotate oomycete chemistries; do not rely on a single FRAC group,Keep root zone oxygenated and within crop-optimal moisture
Strawberry,Root Rot,Root Rot (Pythium / Phytophthora / Rhizoctonia complex),Low,Wilting despite moist media; brown soft roots; stunted growth,On Strawberry: Remove severely affected plants; sanitize media and emitters,Trichoderma harzianum and Bacillus root-zone inoculants,Labeled mefenoxam / propamocarb / etridiazole products as permitted,Use sterile media; avoid standing water under benches
Tomato,Root Rot,Root Rot (Pythium / Phytophthora / Rhizoctonia complex),High,Wilting despite moist media; brown soft roots; stunted growth,On Tomato: Remove severely affected plants; sanitize media and emitters,Mycorrhizae / beneficial microbe drenches for suppression,Labeled mefenoxam / propamocarb / etridiazole products as permitted,Use sterile media; avoid standing water under benches
Lettuce,Soft Rot,Bacterial Soft Rot (Pectobacterium / Dickeya spp.),Critical,Rapid liquefaction of infected tissue under high moisture,On Lettuce: Reduce free water; discard severely infected heads/tubers,Beneficial microbes on healthy tissue only as preventives,Disinfectants on tools/surfaces; copper of limited value on soft rot,Do not over-irrigate near harvest
Pepper,Soft Rot,Bacterial Soft Rot (Pectobacterium / Dickeya spp.),Medium,Mushy petiole/stem rot after wounding in wet conditions,On Pepper: Reduce free water; discard severely infected heads/tubers,Beneficial microbes on healthy tissue only as preventives,Focus on hygiene chemistry rather than plant sprays,Do not over-irrigate near harvest
Potato,Soft Rot,Bacterial Soft Rot (Pectobacterium / Dickeya spp.),Medium,Rapid liquefaction of infected tissue under high moisture,On Potato: Reduce free water; discard severely infected heads/tubers,Beneficial microbes on healthy tissue only as preventives,Disinfectants on tools/surfaces; copper of limited value on soft rot,Avoid wounds; keep foliage and harvest zones dry
Tomato,Soft Rot,Bacterial Soft Rot (Pectobacterium / Dickeya spp.),Critical,Watery foul-smelling soft tissue collapse on stems or stored organs,On Tomato: Reduce free water; discard severely infected heads/tubers,Limited; rely on sanitation and dry handling,Disinfectants on tools/surfaces; copper of limited value on soft rot,Do not over-irrigate near harvest
Pepper,Tomato Yellow Leaf Curl,Tomato Yellow Leaf Curl Virus (TYLCV),Critical,Small chlorotic leaflets and reduced fruit set,On Pepper: Install/repair insect screens; remove symptomatic tomatoes promptly,Encarsia / Eretmocerus whitefly parasitoids,Rotate labeled whitefly insecticides carefully to protect beneficials,Resistant cultivars; sealed greenhouse openings
Tomato,Tomato Yellow Leaf Curl,Tomato Yellow Leaf Curl Virus (TYLCV),Critical,"Upward leaf curling, yellowing margins, severe stunting",On Tomato: Rogue infected plants; intensify whitefly exclusion and control,Banker-plant strategies where established,Rotate labeled whitefly insecticides carefully to protect beneficials,Yellow sticky traps; weed-host removal
Cucumber,Anthracnose,Anthracnose (Colletotrichum spp.),High,Sunken circular fruit lesions with salmon-colored spore masses,On Cucumber: Sanitize harvest tools and cull symptomatic berries/fruit,Bacillus foliar programs during fruiting,Follow PHI closely near harvest,Use drip irrigation and adequate plant spacing
Pepper,Anthracnose,Anthracnose (Colletotrichum spp.),Critical,Blackened necrotic lesions on ripe fruit under warm humidity,On Pepper: Sanitize harvest tools and cull symptomatic berries/fruit,Cultural sanitation plus soft biologicals,Follow PHI closely near harvest,Use drip irrigation and adequate plant spacing
Strawberry,Anthracnose,Anthracnose (Colletotrichum spp.),Low,Blackened necrotic lesions on ripe fruit under warm humidity,On Strawberry: Reduce fruit wetness and begin protective sprays on ripening crop,Cultural sanitation plus soft biologicals,Rotate QoI / SDHI / multi-site fungicides labeled for anthracnose,Use drip irrigation and adequate plant spacing
Tomato,Anthracnose,Anthracnose (Colletotrichum spp.),Low,Dark leaf and stem spots; fruit rot near harvest,On Tomato: Sanitize harvest tools and cull symptomatic berries/fruit,Bacillus foliar programs during fruiting,Follow PHI closely near harvest,Use drip irrigation and adequate plant spacing
Pepper,Bacterial Canker,Bacterial Canker (Clavibacter michiganensis),Critical,Unilateral leaflet necrosis and open stem lesions,On Pepper: Isolate affected rows and replace contaminated media if needed,No strong curative biological control available,Copper sprays have limited suppression on foliage only,Scout for bird's-eye fruit spots early
Tomato,Bacterial Canker,Bacterial Canker (Clavibacter michiganensis),Critical,Unilateral leaflet necrosis and open stem lesions,On Tomato: Remove infected plants entirely; sanitize greenhouse thoroughly,No strong curative biological control available,Emphasize disinfectant protocols for structures and tools,Scout for bird's-eye fruit spots early
Cucumber,Bacterial Leaf Spot,Bacterial Leaf Spot (Xanthomonas / Pseudomonas spp.),Medium,Water-soaked leaf spots becoming necrotic with yellow halos,On Cucumber: Sanitize benches and reduce humidity spikes after irrigation,Copper-alternative biologicals labeled for bacterial diseases,Avoid phytotoxic overuse; follow greenhouse crop labels,Disease-free seed/transplants; minimize splash
Lettuce,Bacterial Leaf Spot,Bacterial Leaf Spot (Xanthomonas / Pseudomonas spp.),Medium,Small dark foliar spots spreading after splash irrigation,On Lettuce: Sanitize benches and reduce humidity spikes after irrigation,Phyllosphere beneficial sprays preventively,Avoid phytotoxic overuse; follow greenhouse crop labels,Disinfect tools between plants; keep walkways dry
Pepper,Bacterial Leaf Spot,Bacterial Leaf Spot (Xanthomonas / Pseudomonas spp.),Critical,Greasy angular lesions; fruit scabbing on tomato/pepper,On Pepper: Stop working wet plants; remove infected leaves; apply labeled copper program,Phyllosphere beneficial sprays preventively,Rotate with biologicals to reduce copper load,Disinfect tools between plants; keep walkways dry
Strawberry,Bacterial Leaf Spot,Bacterial Leaf Spot (Xanthomonas / Pseudomonas spp.),Medium,Water-soaked leaf spots becoming necrotic with yellow halos,On Strawberry: Stop working wet plants; remove infected leaves; apply labeled copper program,Bacillus antagonists and induced-resistance products,Avoid phytotoxic overuse; follow greenhouse crop labels,Disinfect tools between plants; keep walkways dry
Tomato,Bacterial Leaf Spot,Bacterial Leaf Spot (Xanthomonas / Pseudomonas spp.),Medium,Greasy angular lesions; fruit scabbing on tomato/pepper,On Tomato: Sanitize benches and reduce humidity spikes after irrigation,Copper-alternative biologicals labeled for bacterial diseases,Rotate with biologicals to reduce copper load,Avoid dense wet canopies overnight
Pepper,Bacterial Wilt,Bacterial Wilt (Ralstonia solanacearum),High,Rapid plant collapse without major leaf spotting,On Pepper: Reduce soil moisture extremes and eliminate adjacent hosts,Biological soil health programs to reduce pathogen fitness,Follow regional quarantine and disposal guidance,Sanitize irrigation and worker pathways
Potato,Bacterial Wilt,Bacterial Wilt (Ralstonia solanacearum),Critical,Rapid plant collapse without major leaf spotting,On Potato: Sanitize tools/boots; isolate bay; do not compost symptomatic material,No strong curative biological; emphasize exclusion,No reliable curative bactericide; copper has limited effect,Scout for early wilt and remove promptly
Tomato,Bacterial Wilt,Bacterial Wilt (Ralstonia solanacearum),Medium,Rapid plant collapse without major leaf spotting,On Tomato: Sanitize tools/boots; isolate bay; do not compost symptomatic material,Biological soil health programs to reduce pathogen fitness,Focus on sanitation chemistry for tools and surfaces,Certified clean planting material; avoid infested media
Pepper,Blossom End Rot,Blossom End Rot (calcium translocation disorder),High,Fruit lesions linked to irregular irrigation and high VPD,On Pepper: Remove affected fruit and normalize root-zone moisture,Root-health biologicals to improve Ca uptake consistency,Foliar/fruit calcium sprays as a temporary aid if labeled,Avoid excess ammonium nitrogen during fruiting
Strawberry,Blossom End Rot,Blossom End Rot (calcium translocation disorder),Low,Sunken dark leathery patches on fruit blossom end,On Strawberry: Stabilize irrigation; correct Ca supply and K:Ca ratio,Root-health biologicals to improve Ca uptake consistency,Foliar/fruit calcium sprays as a temporary aid if labeled,Even irrigation; adequate soluble calcium in recipe
Tomato,Blossom End Rot,Blossom End Rot (calcium translocation disorder),Low,Fruit lesions linked to irregular irrigation and high VPD,On Tomato: Stabilize irrigation; correct Ca supply and K:Ca ratio,Root-health biologicals to improve Ca uptake consistency,Foliar/fruit calcium sprays as a temporary aid if labeled,Even irrigation; adequate soluble calcium in recipe
Cucumber,Cucumber Mosaic,Cucumber Mosaic Virus (CMV),High,"Severe mosaic, leaf shoestringing, and fruit mottling",On Cucumber: No curative spray — focus on vector and rogueing,Banker plants for sustained aphid biocontrol,No viricide available for CMV,Virus-free seedlings; remove weed reservoirs
Lettuce,Cucumber Mosaic,Cucumber Mosaic Virus (CMV),Medium,Stunting with distorted younger leaves,On Lettuce: No curative spray — focus on vector and rogueing,Banker plants for sustained aphid biocontrol,No viricide available for CMV,Reflective mulches/screens; aphid monitoring
Pepper,Cucumber Mosaic,Cucumber Mosaic Virus (CMV),Medium,"Severe mosaic, leaf shoestringing, and fruit mottling",On Pepper: Sanitize and replace heavily affected cucumber rows,"Aphid parasitoids (Aphidius) and predators (lacewings, ladybirds)",Tool/surface disinfection between plants,Virus-free seedlings; remove weed reservoirs
Tomato,Cucumber Mosaic,Cucumber Mosaic Virus (CMV),Medium,Stunting with distorted younger leaves,On Tomato: No curative spray — focus on vector and rogueing,Supportive plant-health biologicals only,No viricide available for CMV,Worker hygiene between bays
Cucumber,Downy Mildew,Downy Mildew (Pseudoperonospora / Peronospora spp.),Critical,"Rapid blighting of young tissue in cool, humid nights",On Cucumber: Dry canopy urgently; remove infected leaves; apply labeled downy mildew product,Cultural drying + soft biologicals at first symptoms,Rotate CAA / QoI / multi-site products per extension guidance,Resistant cultivars when available; scout leaf undersides
Lettuce,Downy Mildew,Downy Mildew (Pseudoperonospora / Peronospora spp.),Critical,Oil-spot appearance on upper leaf surface with fuzzy underside growth,On Lettuce: Dry canopy urgently; remove infected leaves; apply labeled downy mildew product,Cultural drying + soft biologicals at first symptoms,Protectants ahead of cool humid nights,Resistant cultivars when available; scout leaf undersides
Strawberry,Downy Mildew,Downy Mildew (Pseudoperonospora / Peronospora spp.),Critical,"Rapid blighting of young tissue in cool, humid nights",On Strawberry: Increase night ventilation and start protectant/systemic rotation,Biofungicides as part of an IPM rotation,Use labeled downy mildew fungicides with strict FRAC rotation,Resistant cultivars when available; scout leaf undersides
Tomato,Downy Mildew,Downy Mildew (Pseudoperonospora / Peronospora spp.),Critical,Oil-spot appearance on upper leaf surface with fuzzy underside growth,On Tomato: Dry canopy urgently; remove infected leaves; apply labeled downy mildew product,Phosphite-compatible biological programs where labeled,Use labeled downy mildew fungicides with strict FRAC rotation,Avoid leaf wetness; improve horizontal airflow
Pepper,Early Blight,Early Blight (Alternaria solani),High,Brown lesions with concentric rings on foliage; stem collar lesions possible,On Pepper: Sanitate fallen debris and treat remaining canopy preventively,Trichoderma soil/foliar programs to suppress Alternaria pressure,Use FRAC-diverse programs; avoid consecutive same-mode sprays,Avoid prolonged leaf wetness; balance fertility
Potato,Early Blight,Early Blight (Alternaria solani),High,Lower-canopy leaf spots expanding upward under warm humid conditions,On Potato: Remove lower infected leaves; apply labeled Alternaria fungicide rotation,Trichoderma soil/foliar programs to suppress Alternaria pressure,Rotate chlorothalonil / mancozeb-class and labeled SDHI products,Avoid prolonged leaf wetness; balance fertility
Tomato,Early Blight,Early Blight (Alternaria solani),Medium,Target-spot concentric rings on older leaves; yellowing and defoliation,On Tomato: Remove lower infected leaves; apply labeled Alternaria fungicide rotation,Biological protectants in rotation with cultural controls,Rotate chlorothalonil / mancozeb-class and labeled SDHI products,Start with disease-free transplants and sanitize benches
Cucumber,Edema,Physiological Leaf Edema (environmental water imbalance),Medium,Leaf undersurface callusing after humid cool nights,On Cucumber: Raise night temperature slightly and improve dehumidification,Pause unnecessary foliar biological sprays until resolved,Focus on climate and irrigation corrections,Train staff to distinguish edema from infection
Lettuce,Edema,Physiological Leaf Edema (environmental water imbalance),Low,Raised watery bumps mistaken for pest damage,On Lettuce: Avoid overwatering on cool cloudy days,Pause unnecessary foliar biological sprays until resolved,Do not treat as fungal leaf spot,Train staff to distinguish edema from infection
Pepper,Edema,Physiological Leaf Edema (environmental water imbalance),Medium,Corky blisters on leaf undersides from excess root pressure,On Pepper: Avoid overwatering on cool cloudy days,Not pathogen-driven; no biocontrol required,Do not treat as fungal leaf spot,Train staff to distinguish edema from infection
Tomato,Edema,Physiological Leaf Edema (environmental water imbalance),Low,Corky blisters on leaf undersides from excess root pressure,On Tomato: Avoid overwatering on cool cloudy days,Not pathogen-driven; no biocontrol required,Do not treat as fungal leaf spot,Prevent high RH with low transpiration nights
Cucumber,Fusarium Wilt,Fusarium Wilt (Fusarium oxysporum),High,Stunting and progressive collapse from root-stem vascular infection,On Cucumber: Switch to resistant rootstock/cultivar; sanitize affected beds,Beneficial Bacillus soil inoculants,Soil treatments only where labels and regulations allow,Resistant cultivars/rootstocks; clean media and trays
Lettuce,Fusarium Wilt,Fusarium Wilt (Fusarium oxysporum),High,Stunting and progressive collapse from root-stem vascular infection,On Lettuce: Remove wilted plants with roots; avoid moving infested soil,Trichoderma and non-pathogenic Fusarium biocontrol strains,Disinfect tools and irrigation lines thoroughly,Avoid root injury; rotate bays when possible
Pepper,Fusarium Wilt,Fusarium Wilt (Fusarium oxysporum),Low,Lower leaves yellow then wilt permanently despite moist soil,On Pepper: Remove wilted plants with roots; avoid moving infested soil,Compost-based suppressiveness programs,Limited curative options; focus on sanitation and resistant varieties,Resistant cultivars/rootstocks; clean media and trays
Potato,Fusarium Wilt,Fusarium Wilt (Fusarium oxysporum),Medium,Lower leaves yellow then wilt permanently despite moist soil,On Potato: Reduce plant stress and apply biological soil suppressants,Beneficial Bacillus soil inoculants,Soil treatments only where labels and regulations allow,Avoid root injury; rotate bays when possible
Strawberry,Fusarium Wilt,Fusarium Wilt (Fusarium oxysporum),Critical,Stunting and progressive collapse from root-stem vascular infection,On Strawberry: Reduce plant stress and apply biological soil suppressants,Compost-based suppressiveness programs,Soil treatments only where labels and regulations allow,Avoid root injury; rotate bays when possible
Tomato,Fusarium Wilt,Fusarium Wilt (Fusarium oxysporum),Low,One-sided wilting; vascular browning in stem cross-section,On Tomato: Remove wilted plants with roots; avoid moving infested soil,Compost-based suppressiveness programs,Disinfect tools and irrigation lines thoroughly,Resistant cultivars/rootstocks; clean media and trays
Cucumber,Gray Mold,Gray Mold / Botrytis Blight (Botrytis cinerea),Medium,Soft blossom blight and fruit rot with ash-gray mycelium,On Cucumber: Reduce RH spikes; spot-treat with labeled Botrytis fungicide/biofungicide,Antagonist sprays on senescent tissue hotspots,Rotate FRAC-coded greenhouse Botrytis fungicides carefully,Heat + vent pulses to break humidity spikes
Lettuce,Gray Mold,Gray Mold / Botrytis Blight (Botrytis cinerea),Critical,"Gray fuzzy sporulation on flowers, fruit, and wounded tissue",On Lettuce: Reduce RH spikes; spot-treat with labeled Botrytis fungicide/biofungicide,Antagonist sprays on senescent tissue hotspots,Rotate FRAC-coded greenhouse Botrytis fungicides carefully,Harvest promptly; remove aborted fruit and petals daily
Pepper,Gray Mold,Gray Mold / Botrytis Blight (Botrytis cinerea),Medium,Soft blossom blight and fruit rot with ash-gray mycelium,On Pepper: Sanitize debris and adjust irrigation timing to morning only,Antagonist sprays on senescent tissue hotspots,Target flower and fruit zones; respect resistance guidelines,Avoid dense canopies and overnight free moisture
Potato,Gray Mold,Gray Mold / Botrytis Blight (Botrytis cinerea),Medium,Necrotic lesions on petals and stems under high humidity,On Potato: Remove dead flowers and infected fruit; increase ventilation immediately,Antagonist sprays on senescent tissue hotspots,Use protectant + specific Botrytis actives under high pressure,Harvest promptly; remove aborted fruit and petals daily
Strawberry,Gray Mold,Gray Mold / Botrytis Blight (Botrytis cinerea),Medium,Necrotic lesions on petals and stems under high humidity,On Strawberry: Sanitize debris and adjust irrigation timing to morning only,Antagonist sprays on senescent tissue hotspots,Target flower and fruit zones; respect resistance guidelines,Heat + vent pulses to break humidity spikes
Tomato,Gray Mold,Gray Mold / Botrytis Blight (Botrytis cinerea),Medium,Soft blossom blight and fruit rot with ash-gray mycelium,On Tomato: Sanitize debris and adjust irrigation timing to morning only,Trichoderma and Bacillus biofungicides preventively on flowers,Rotate FRAC-coded greenhouse Botrytis fungicides carefully,Harvest promptly; remove aborted fruit and petals daily
Cucumber,Heat Stress,Environmental Heat / VPD Stress Disorder,Low,Wilting at peak day heat with recovery at night,On Cucumber: Run fog/pad cooling if available; avoid midday heavy sprays,Supportive biostimulants only if labeled for stress mitigation,No fungicide required; avoid phytotoxic sprays in heat,Monitor canopy temperature; stage harvests for cooler hours
Lettuce,Heat Stress,Environmental Heat / VPD Stress Disorder,Low,Wilting at peak day heat with recovery at night,On Lettuce: Adjust VPD targets and protect fruit from direct hot radiation,No pathogen biological needed; maintain root-zone microbial health,No fungicide required; avoid phytotoxic sprays in heat,Maintain root moisture without waterlogging
Pepper,Heat Stress,Environmental Heat / VPD Stress Disorder,Medium,"Leaf cupping, blossom drop, and sunscald under high temperature",On Pepper: Adjust VPD targets and protect fruit from direct hot radiation,No pathogen biological needed; maintain root-zone microbial health,No fungicide required; avoid phytotoxic sprays in heat,Shade cloth schedules; adequate air exchange
Potato,Heat Stress,Environmental Heat / VPD Stress Disorder,Low,Bleached fruit shoulders and stalled growth,On Potato: Increase shading/ventilation; lower daytime setpoints; pulse irrigation,Keep biological spray programs off peak heat hours,Anti-stress foliar nutrients only when label-safe,Monitor canopy temperature; stage harvests for cooler hours
Strawberry,Heat Stress,Environmental Heat / VPD Stress Disorder,Medium,"Leaf cupping, blossom drop, and sunscald under high temperature",On Strawberry: Increase shading/ventilation; lower daytime setpoints; pulse irrigation,No pathogen biological needed; maintain root-zone microbial health,No fungicide required; avoid phytotoxic sprays in heat,Monitor canopy temperature; stage harvests for cooler hours
Tomato,Heat Stress,Environmental Heat / VPD Stress Disorder,Low,Bleached fruit shoulders and stalled growth,On Tomato: Adjust VPD targets and protect fruit from direct hot radiation,Supportive biostimulants only if labeled for stress mitigation,No fungicide required; avoid phytotoxic sprays in heat,Monitor canopy temperature; stage harvests for cooler hours
Potato,Late Blight,Late Blight (Phytophthora infestans),High,Water-soaked lesions turning brown/black with white sporulation on leaf undersides,"On Potato: Cull symptomatic plants, sanitize zones, and apply protectant + systemic rotation",Copper-alternative biofungicides labeled for Phytophthora where available,Rotate FRAC groups; include labeled systemics when risk is extreme,Monitor cool wet forecasts; remove infected material from the house
Tomato,Late Blight,Late Blight (Phytophthora infestans),Medium,Water-soaked lesions turning brown/black with white sporulation on leaf undersides,On Tomato: Destroy infected debris immediately; tighten spray schedule; dry the canopy,Copper-alternative biofungicides labeled for Phytophthora where available,Follow local PHI and resistance-management rules strictly,Monitor cool wet forecasts; remove infected material from the house
Cucumber,Leaf Spot,Fungal Leaf Spot (Septoria / Cercospora / Alternaria spp.),Critical,Small circular spots with dark borders and chlorotic halos,On Cucumber: Increase airflow and begin a preventive leaf-spot spray rotation,Copper-alternative biologicals on a preventive schedule,Rotate multi-site and single-site actives carefully,Space plants for rapid drying; scout weekly
Lettuce,Leaf Spot,Fungal Leaf Spot (Septoria / Cercospora / Alternaria spp.),High,Numerous leaf lesions coalescing into blighted areas,On Lettuce: Increase airflow and begin a preventive leaf-spot spray rotation,Bacillus subtilis foliar biofungicides,Apply before forecast high-humidity periods,Drip irrigation only; remove lower canopy debris
Pepper,Leaf Spot,Fungal Leaf Spot (Septoria / Cercospora / Alternaria spp.),Low,Speckled foliage; lower leaves yellow and drop prematurely,On Pepper: Sanitize debris and avoid wetting foliage during irrigation,Copper-alternative biologicals on a preventive schedule,Apply before forecast high-humidity periods,Space plants for rapid drying; scout weekly
Potato,Leaf Spot,Fungal Leaf Spot (Septoria / Cercospora / Alternaria spp.),Low,Numerous leaf lesions coalescing into blighted areas,On Potato: Sanitize debris and avoid wetting foliage during irrigation,Copper-alternative biologicals on a preventive schedule,Apply before forecast high-humidity periods,Space plants for rapid drying; scout weekly
Strawberry,Leaf Spot,Fungal Leaf Spot (Septoria / Cercospora / Alternaria spp.),High,Speckled foliage; lower leaves yellow and drop prematurely,On Strawberry: Remove spotted leaves; apply labeled protectant fungicide,Biological protectants during humid weather windows,Copper or protectant fungicides labeled for the crop,Drip irrigation only; remove lower canopy debris
Tomato,Leaf Spot,Fungal Leaf Spot (Septoria / Cercospora / Alternaria spp.),High,Speckled foliage; lower leaves yellow and drop prematurely,On Tomato: Increase airflow and begin a preventive leaf-spot spray rotation,Bacillus subtilis foliar biofungicides,Apply before forecast high-humidity periods,Drip irrigation only; remove lower canopy debris
Cucumber,Mosaic Virus,Mosaic Virus Complex (TMV / CMV / PepMV-related symptoms),Medium,Stunted growth with blistered or fern-leaf foliage,On Cucumber: Remove infected plants; control insect vectors; sanitize hands/tools,Plant health biologicals only as supportive measures,No viricide cures disease; manage vectors with labeled insecticides if required,Control aphids/thrips; remove weed hosts
Lettuce,Mosaic Virus,Mosaic Virus Complex (TMV / CMV / PepMV-related symptoms),Medium,Chlorotic mosaic patterns and uneven fruit color/quality,On Lettuce: No curative spray — rogue symptomatic plants and reset hygiene,"No direct antiviral biological; use vector biocontrol (e.g., beneficials vs aphids)",No viricide cures disease; manage vectors with labeled insecticides if required,Do not touch healthy plants after handling symptomatic ones
